{
    "sourceFile": "index.html",
    "activeCommit": 0,
    "commits": [
        {
            "activePatchIndex": 2,
            "patches": [
                {
                    "date": 1722443170065,
                    "content": "Index: \n===================================================================\n--- \n+++ \n"
                },
                {
                    "date": 1722443187886,
                    "content": "Index: \n===================================================================\n--- \n+++ \n@@ -1,9 +1,9 @@\n <!DOCTYPE html>\n <html lang=\"en\">\n   <head>\n     <meta charset=\"UTF-8\" />\n-    <link rel=\"icon\" type=\"image/svg+xml\" href=\"/vite.svg\" />\n+    <link rel=\"icon\" type=\"image/svg+xml\" href=\"./src/assets/logo.png\" />\n     <meta name=\"viewport\" content=\"width=device-width, initial-scale=1.0\" />\n     <link href=\"https://fonts.googleapis.com/css2?family=Days+One&display=swap\" rel=\"stylesheet\">\n     <title>DesiGlambers</title>\n   </head>\n"
                },
                {
                    "date": 1722525989581,
                    "content": "Index: \n===================================================================\n--- \n+++ \n@@ -11,5 +11,4 @@\n     <div id=\"root\"></div>\n     <script type=\"module\" src=\"/src/main.jsx\"></script>\n   </body>\n </html>\n-<!--uper chale ghora or niche chale lavda or tu skidder lele mera lund -->\n\\ No newline at end of file\n"
                }
            ],
            "date": 1722443170065,
            "name": "Commit-0",
            "content": "<!DOCTYPE html>\n<html lang=\"en\">\n  <head>\n    <meta charset=\"UTF-8\" />\n    <link rel=\"icon\" type=\"image/svg+xml\" href=\"/vite.svg\" />\n    <meta name=\"viewport\" content=\"width=device-width, initial-scale=1.0\" />\n    <link href=\"https://fonts.googleapis.com/css2?family=Days+One&display=swap\" rel=\"stylesheet\">\n    <title>DesiGlambers</title>\n  </head>\n  <body>\n    <div id=\"root\"></div>\n    <script type=\"module\" src=\"/src/main.jsx\"></script>\n  </body>\n</html>\n<!--uper chale ghora or niche chale lavda or tu skidder lele mera lund -->"
        }
    ]
}