{
    "sourceFile": "proof.html",
    "activeCommit": 0,
    "commits": [
        {
            "activePatchIndex": 1,
            "patches": [
                {
                    "date": 1722610934459,
                    "content": "Index: \n===================================================================\n--- \n+++ \n"
                },
                {
                    "date": 1722610942630,
                    "content": "Index: \n===================================================================\n--- \n+++ \n@@ -1,11 +1,11 @@\n-<!-- public/proof.html -->\n+<!-- public/index.html -->\n <!DOCTYPE html>\n <html lang=\"en\">\n <head>\n     <meta charset=\"UTF-8\">\n     <meta name=\"viewport\" content=\"width=device-width, initial-scale=1.0\">\n-    <title>Proof Page</title>\n+    <title>Main Page</title>\n </head>\n <body>\n     <div id=\"root\"></div>\n     <script type=\"module\" src=\"/src/main.js\"></script> <!-- or the path to your main JS file -->\n"
                }
            ],
            "date": 1722610934459,
            "name": "Commit-0",
            "content": "<!-- public/proof.html -->\n<!DOCTYPE html>\n<html lang=\"en\">\n<head>\n    <meta charset=\"UTF-8\">\n    <meta name=\"viewport\" content=\"width=device-width, initial-scale=1.0\">\n    <title>Proof Page</title>\n</head>\n<body>\n    <div id=\"root\"></div>\n    <script type=\"module\" src=\"/src/main.js\"></script> <!-- or the path to your main JS file -->\n</body>\n</html>\n"
        }
    ]
}