{
    "sourceFile": "vite.config.js",
    "activeCommit": 0,
    "commits": [
        {
            "activePatchIndex": 1,
            "patches": [
                {
                    "date": 1722599084220,
                    "content": "Index: \n===================================================================\n--- \n+++ \n"
                },
                {
                    "date": 1722599090755,
                    "content": "Index: \n===================================================================\n--- \n+++ \n@@ -3,9 +3,9 @@\n \n export default defineConfig({\n   plugins: [react()],\n   build: {\n-  \n+\n     outDir: 'dist', // Output directory for build\n     sourcemap: false, // Disable sourcemaps in production\n     \n   }\n"
                }
            ],
            "date": 1722599084220,
            "name": "Commit-0",
            "content": "import { defineConfig } from 'vite'\nimport react from '@vitejs/plugin-react'\n\nexport default defineConfig({\n  plugins: [react()],\n  build: {\n    rollupOptions: {\n      input: {\n        main: resolve(__dirname, 'pages/index.html'),\n        about: resolve(__dirname, 'pages/about.html'),\n      },\n    },\n    outDir: 'dist', // Output directory for build\n    sourcemap: false, // Disable sourcemaps in production\n    \n  }\n})\n"
        }
    ]
}