{
    "sourceFile": "auth/models/Leaderboard.js",
    "activeCommit": 0,
    "commits": [
        {
            "activePatchIndex": 1,
            "patches": [
                {
                    "date": 1722243517391,
                    "content": "Index: \n===================================================================\n--- \n+++ \n"
                },
                {
                    "date": 1722244790891,
                    "content": "Index: \n===================================================================\n--- \n+++ \n@@ -1,10 +1,11 @@\n+// leaderboard.js (model file)\n const mongoose = require('mongoose');\n \n const LeaderboardSchema = new mongoose.Schema({\n-    rank: { type: Number, required: true },\n-    name: { type: String, required: true },\n-    wagered: { type: Number, required: true },\n-    prize: { type: Number, required: true }\n+    rank: Number,\n+    name: String,\n+    wagered: Number,\n+    prize: Number\n });\n \n module.exports = mongoose.model('Leaderboard', LeaderboardSchema);\n"
                }
            ],
            "date": 1722243517391,
            "name": "Commit-0",
            "content": "const mongoose = require('mongoose');\n\nconst LeaderboardSchema = new mongoose.Schema({\n    rank: { type: Number, required: true },\n    name: { type: String, required: true },\n    wagered: { type: Number, required: true },\n    prize: { type: Number, required: true }\n});\n\nmodule.exports = mongoose.model('Leaderboard', LeaderboardSchema);\n"
        }
    ]
}