{
    "sourceFile": "auth/models/User.js",
    "activeCommit": 0,
    "commits": [
        {
            "activePatchIndex": 0,
            "patches": [
                {
                    "date": 1722159769286,
                    "content": "Index: \n===================================================================\n--- \n+++ \n"
                }
            ],
            "date": 1722159769286,
            "name": "Commit-0",
            "content": "const mongoose = require('mongoose');\n\nconst userSchema = new mongoose.Schema({\n  discordId: { type: String, required: true, unique: true },\n  username: String,\n  discriminator: String,\n  email: String,\n  avatar: String,\n  global_name: String,\n  joined: { type: Date, default: Date.now },\n  claim: { type: Boolean, default: false }, // Added claim field\n});\n\nconst User = mongoose.model('User', userSchema);\n\nmodule.exports = User;\n"
        }
    ]
}