{
    "sourceFile": "auth/views/index.html",
    "activeCommit": 0,
    "commits": [
        {
            "activePatchIndex": 28,
            "patches": [
                {
                    "date": 1722243638549,
                    "content": "Index: \n===================================================================\n--- \n+++ \n"
                },
                {
                    "date": 1722244022375,
                    "content": "Index: \n===================================================================\n--- \n+++ \n@@ -3,38 +3,123 @@\n <head>\n     <meta charset=\"UTF-8\">\n     <meta name=\"viewport\" content=\"width=device-width, initial-scale=1.0\">\n     <title>Leaderboard Submission</title>\n+    <style>\n+        body {\n+            font-family: Arial, sans-serif;\n+            margin: 20px;\n+        }\n+        h1 {\n+            color: #333;\n+        }\n+        table {\n+            width: 100%;\n+            border-collapse: collapse;\n+            margin-bottom: 20px;\n+        }\n+        th, td {\n+            border: 1px solid #ddd;\n+            padding: 8px;\n+            text-align: left;\n+        }\n+        th {\n+            background-color: #f2f2f2;\n+        }\n+        button {\n+            background-color: #4CAF50;\n+            color: white;\n+            padding: 10px 20px;\n+            border: none;\n+            cursor: pointer;\n+            margin-top: 20px;\n+        }\n+        button:hover {\n+            background-color: #45a049;\n+        }\n+        .add-row {\n+            background-color: #007BFF;\n+            color: white;\n+            padding: 5px 10px;\n+            border: none;\n+            cursor: pointer;\n+        }\n+        .add-row:hover {\n+            background-color: #0056b3;\n+        }\n+    </style>\n </head>\n <body>\n     <h1>Submit Leaderboard Entry</h1>\n     <form id=\"leaderboardForm\">\n-        <label for=\"rank\">Rank:</label>\n-        <input type=\"number\" id=\"rank\" name=\"rank\" required><br><br>\n-        <label for=\"name\">Name:</label>\n-        <input type=\"text\" id=\"name\" name=\"name\" required><br><br>\n-        <label for=\"wagered\">Wagered:</label>\n-        <input type=\"number\" id=\"wagered\" name=\"wagered\" required><br><br>\n-        <label for=\"prize\">Prize:</label>\n-        <input type=\"number\" id=\"prize\" name=\"prize\" required><br><br>\n+        <table id=\"leaderboardTable\">\n+            <thead>\n+                <tr>\n+                    <th>Rank</th>\n+                    <th>Name</th>\n+                    <th>Wagered</th>\n+                    <th>Prize</th>\n+                    <th></th>\n+                </tr>\n+            </thead>\n+            <tbody>\n+                <tr>\n+                    <td><input type=\"number\" name=\"rank\" required></td>\n+                    <td><input type=\"text\" name=\"name\" required></td>\n+                    <td><input type=\"number\" name=\"wagered\" required></td>\n+                    <td><input type=\"number\" name=\"prize\" required></td>\n+                    <td><button type=\"button\" class=\"add-row\">+</button></td>\n+                </tr>\n+            </tbody>\n+        </table>\n         <button type=\"submit\">Submit</button>\n     </form>\n \n     <script>\n+        document.querySelector('.add-row').addEventListener('click', () => {\n+            const table = document.getElementById('leaderboardTable').getElementsByTagName('tbody')[0];\n+            const newRow = table.insertRow();\n+            newRow.innerHTML = `\n+                <td><input type=\"number\" name=\"rank\" required></td>\n+                <td><input type=\"text\" name=\"name\" required></td>\n+                <td><input type=\"number\" name=\"wagered\" required></td>\n+                <td><input type=\"number\" name=\"prize\" required></td>\n+                <td><button type=\"button\" class=\"add-row\">+</button></td>\n+            `;\n+            newRow.querySelector('.add-row').addEventListener('click', () => {\n+                const newInnerRow = table.insertRow();\n+                newInnerRow.innerHTML = `\n+                    <td><input type=\"number\" name=\"rank\" required></td>\n+                    <td><input type=\"text\" name=\"name\" required></td>\n+                    <td><input type=\"number\" name=\"wagered\" required></td>\n+                    <td><input type=\"number\" name=\"prize\" required></td>\n+                    <td><button type=\"button\" class=\"add-row\">+</button></td>\n+                `;\n+                newInnerRow.querySelector('.add-row').addEventListener('click', addRow);\n+            });\n+        });\n+\n         document.getElementById('leaderboardForm').addEventListener('submit', async (e) => {\n             e.preventDefault();\n-            const rank = document.getElementById('rank').value;\n-            const name = document.getElementById('name').value;\n-            const wagered = document.getElementById('wagered').value;\n-            const prize = document.getElementById('prize').value;\n+            const rows = document.querySelectorAll('#leaderboardTable tbody tr');\n+            const leaderboardData = [];\n \n+            rows.forEach(row => {\n+                const rank = row.querySelector('input[name=\"rank\"]').value;\n+                const name = row.querySelector('input[name=\"name\"]').value;\n+                const wagered = row.querySelector('input[name=\"wagered\"]').value;\n+                const prize = row.querySelector('input[name=\"prize\"]').value;\n+\n+                leaderboardData.push({ rank, name, wagered, prize });\n+            });\n+\n             try {\n                 const response = await fetch('http://localhost:5124/api/leaderboard', {\n                     method: 'POST',\n                     headers: {\n                         'Content-Type': 'application/json',\n                     },\n-                    body: JSON.stringify({ rank, name, wagered, prize }),\n+                    body: JSON.stringify(leaderboardData),\n                 });\n \n                 const data = await response.json();\n                 alert(data.message);\n"
                },
                {
                    "date": 1722244264169,
                    "content": "Index: \n===================================================================\n--- \n+++ \n@@ -45,8 +45,18 @@\n         }\n         .add-row:hover {\n             background-color: #0056b3;\n         }\n+        .remove-row {\n+            background-color: #FF0000;\n+            color: white;\n+            padding: 5px 10px;\n+            border: none;\n+            cursor: pointer;\n+        }\n+        .remove-row:hover {\n+            background-color: #cc0000;\n+        }\n     </style>\n </head>\n <body>\n     <h1>Submit Leaderboard Entry</h1>\n@@ -66,39 +76,44 @@\n                     <td><input type=\"number\" name=\"rank\" required></td>\n                     <td><input type=\"text\" name=\"name\" required></td>\n                     <td><input type=\"number\" name=\"wagered\" required></td>\n                     <td><input type=\"number\" name=\"prize\" required></td>\n-                    <td><button type=\"button\" class=\"add-row\">+</button></td>\n+                    <td>\n+                        <button type=\"button\" class=\"add-row\">+</button>\n+                        <button type=\"button\" class=\"remove-row\">-</button>\n+                    </td>\n                 </tr>\n             </tbody>\n         </table>\n         <button type=\"submit\">Submit</button>\n     </form>\n \n     <script>\n-        document.querySelector('.add-row').addEventListener('click', () => {\n+        function addRow(event) {\n             const table = document.getElementById('leaderboardTable').getElementsByTagName('tbody')[0];\n             const newRow = table.insertRow();\n             newRow.innerHTML = `\n                 <td><input type=\"number\" name=\"rank\" required></td>\n                 <td><input type=\"text\" name=\"name\" required></td>\n                 <td><input type=\"number\" name=\"wagered\" required></td>\n                 <td><input type=\"number\" name=\"prize\" required></td>\n-                <td><button type=\"button\" class=\"add-row\">+</button></td>\n+                <td>\n+                    <button type=\"button\" class=\"add-row\">+</button>\n+                    <button type=\"button\" class=\"remove-row\">-</button>\n+                </td>\n             `;\n-            newRow.querySelector('.add-row').addEventListener('click', () => {\n-                const newInnerRow = table.insertRow();\n-                newInnerRow.innerHTML = `\n-                    <td><input type=\"number\" name=\"rank\" required></td>\n-                    <td><input type=\"text\" name=\"name\" required></td>\n-                    <td><input type=\"number\" name=\"wagered\" required></td>\n-                    <td><input type=\"number\" name=\"prize\" required></td>\n-                    <td><button type=\"button\" class=\"add-row\">+</button></td>\n-                `;\n-                newInnerRow.querySelector('.add-row').addEventListener('click', addRow);\n-            });\n-        });\n+            newRow.querySelector('.add-row').addEventListener('click', addRow);\n+            newRow.querySelector('.remove-row').addEventListener('click', removeRow);\n+        }\n \n+        function removeRow(event) {\n+            const row = event.target.closest('tr');\n+            row.parentNode.removeChild(row);\n+        }\n+\n+        document.querySelector('.add-row').addEventListener('click', addRow);\n+        document.querySelector('.remove-row').addEventListener('click', removeRow);\n+\n         document.getElementById('leaderboardForm').addEventListener('submit', async (e) => {\n             e.preventDefault();\n             const rows = document.querySelectorAll('#leaderboardTable tbody tr');\n             const leaderboardData = [];\n"
                },
                {
                    "date": 1722244447948,
                    "content": "Index: \n===================================================================\n--- \n+++ \n@@ -116,18 +116,28 @@\n         document.getElementById('leaderboardForm').addEventListener('submit', async (e) => {\n             e.preventDefault();\n             const rows = document.querySelectorAll('#leaderboardTable tbody tr');\n             const leaderboardData = [];\n+            let allFieldsFilled = true;\n \n             rows.forEach(row => {\n                 const rank = row.querySelector('input[name=\"rank\"]').value;\n                 const name = row.querySelector('input[name=\"name\"]').value;\n                 const wagered = row.querySelector('input[name=\"wagered\"]').value;\n                 const prize = row.querySelector('input[name=\"prize\"]').value;\n \n+                if (!rank || !name || !wagered || !prize) {\n+                    allFieldsFilled = false;\n+                }\n+\n                 leaderboardData.push({ rank, name, wagered, prize });\n             });\n \n+            if (!allFieldsFilled) {\n+                alert('Please fill all the fields.');\n+                return;\n+            }\n+\n             try {\n                 const response = await fetch('http://localhost:5124/api/leaderboard', {\n                     method: 'POST',\n                     headers: {\n"
                },
                {
                    "date": 1722244881357,
                    "content": "Index: \n===================================================================\n--- \n+++ \n@@ -116,25 +116,22 @@\n         document.getElementById('leaderboardForm').addEventListener('submit', async (e) => {\n             e.preventDefault();\n             const rows = document.querySelectorAll('#leaderboardTable tbody tr');\n             const leaderboardData = [];\n-            let allFieldsFilled = true;\n \n             rows.forEach(row => {\n                 const rank = row.querySelector('input[name=\"rank\"]').value;\n                 const name = row.querySelector('input[name=\"name\"]').value;\n                 const wagered = row.querySelector('input[name=\"wagered\"]').value;\n                 const prize = row.querySelector('input[name=\"prize\"]').value;\n \n-                if (!rank || !name || !wagered || !prize) {\n-                    allFieldsFilled = false;\n+                if (rank && name && wagered && prize) {\n+                    leaderboardData.push({ rank, name, wagered, prize });\n                 }\n-\n-                leaderboardData.push({ rank, name, wagered, prize });\n             });\n \n-            if (!allFieldsFilled) {\n-                alert('Please fill all the fields.');\n+            if (leaderboardData.length === 0) {\n+                alert('Please fill out all fields.');\n                 return;\n             }\n \n             try {\n"
                },
                {
                    "date": 1722244928317,
                    "content": "Index: \n===================================================================\n--- \n+++ \n@@ -130,8 +130,9 @@\n             });\n \n             if (leaderboardData.length === 0) {\n                 alert('Please fill out all fields.');\n+                console.log(leaderboardData)\n                 return;\n             }\n \n             try {\n"
                },
                {
                    "date": 1722244954086,
                    "content": "Index: \n===================================================================\n--- \n+++ \n@@ -128,8 +128,10 @@\n                     leaderboardData.push({ rank, name, wagered, prize });\n                 }\n             });\n \n+            console.log(leaderboardData)\n+\n             if (leaderboardData.length === 0) {\n                 alert('Please fill out all fields.');\n                 console.log(leaderboardData)\n                 return;\n"
                },
                {
                    "date": 1722244964549,
                    "content": "Index: \n===================================================================\n--- \n+++ \n@@ -125,8 +125,9 @@\n                 const prize = row.querySelector('input[name=\"prize\"]').value;\n \n                 if (rank && name && wagered && prize) {\n                     leaderboardData.push({ rank, name, wagered, prize });\n+                    console.log(leaderboardData)\n                 }\n             });\n \n             console.log(leaderboardData)\n@@ -142,8 +143,9 @@\n                     method: 'POST',\n                     headers: {\n                         'Content-Type': 'application/json',\n                     },\n+                    console.log(leaderboardData)\n                     body: JSON.stringify(leaderboardData),\n                 });\n \n                 const data = await response.json();\n"
                },
                {
                    "date": 1722244974867,
                    "content": "Index: \n===================================================================\n--- \n+++ \n@@ -143,12 +143,12 @@\n                     method: 'POST',\n                     headers: {\n                         'Content-Type': 'application/json',\n                     },\n-                    console.log(leaderboardData)\n                     body: JSON.stringify(leaderboardData),\n                 });\n \n+                console.log(leaderboardData)\n                 const data = await response.json();\n                 alert(data.message);\n             } catch (error) {\n                 console.error('Error submitting leaderboard entry:', error);\n"
                },
                {
                    "date": 1722245107076,
                    "content": "Index: \n===================================================================\n--- \n+++ \n@@ -131,13 +131,8 @@\n             });\n \n             console.log(leaderboardData)\n \n-            if (leaderboardData.length === 0) {\n-                alert('Please fill out all fields.');\n-                console.log(leaderboardData)\n-                return;\n-            }\n \n             try {\n                 const response = await fetch('http://localhost:5124/api/leaderboard', {\n                     method: 'POST',\n"
                },
                {
                    "date": 1722245130907,
                    "content": "Index: \n===================================================================\n--- \n+++ \n@@ -132,8 +132,9 @@\n \n             console.log(leaderboardData)\n \n \n+\n             try {\n                 const response = await fetch('http://localhost:5124/api/leaderboard', {\n                     method: 'POST',\n                     headers: {\n"
                },
                {
                    "date": 1722245209327,
                    "content": "Index: \n===================================================================\n--- \n+++ \n@@ -131,10 +131,14 @@\n             });\n \n             console.log(leaderboardData)\n \n+            if (leaderboardData.length === 0) {\n+                alert('Please fill out all fields.');\n+                console.log(leaderboardData)\n+                return;\n+            }\n \n-\n             try {\n                 const response = await fetch('http://localhost:5124/api/leaderboard', {\n                     method: 'POST',\n                     headers: {\n"
                },
                {
                    "date": 1722245219707,
                    "content": "Index: \n===================================================================\n--- \n+++ \n@@ -116,26 +116,25 @@\n         document.getElementById('leaderboardForm').addEventListener('submit', async (e) => {\n             e.preventDefault();\n             const rows = document.querySelectorAll('#leaderboardTable tbody tr');\n             const leaderboardData = [];\n+            let allFieldsFilled = true;\n \n             rows.forEach(row => {\n                 const rank = row.querySelector('input[name=\"rank\"]').value;\n                 const name = row.querySelector('input[name=\"name\"]').value;\n                 const wagered = row.querySelector('input[name=\"wagered\"]').value;\n                 const prize = row.querySelector('input[name=\"prize\"]').value;\n \n-                if (rank && name && wagered && prize) {\n-                    leaderboardData.push({ rank, name, wagered, prize });\n-                    console.log(leaderboardData)\n+                if (!rank || !name || !wagered || !prize) {\n+                    allFieldsFilled = false;\n                 }\n+\n+                leaderboardData.push({ rank, name, wagered, prize });\n             });\n \n-            console.log(leaderboardData)\n-\n-            if (leaderboardData.length === 0) {\n-                alert('Please fill out all fields.');\n-                console.log(leaderboardData)\n+            if (!allFieldsFilled) {\n+                alert('Please fill all the fields.');\n                 return;\n             }\n \n             try {\n@@ -146,9 +145,8 @@\n                     },\n                     body: JSON.stringify(leaderboardData),\n                 });\n \n-                console.log(leaderboardData)\n                 const data = await response.json();\n                 alert(data.message);\n             } catch (error) {\n                 console.error('Error submitting leaderboard entry:', error);\n"
                },
                {
                    "date": 1722245244131,
                    "content": "Index: \n===================================================================\n--- \n+++ \n@@ -3,148 +3,38 @@\n <head>\n     <meta charset=\"UTF-8\">\n     <meta name=\"viewport\" content=\"width=device-width, initial-scale=1.0\">\n     <title>Leaderboard Submission</title>\n-    <style>\n-        body {\n-            font-family: Arial, sans-serif;\n-            margin: 20px;\n-        }\n-        h1 {\n-            color: #333;\n-        }\n-        table {\n-            width: 100%;\n-            border-collapse: collapse;\n-            margin-bottom: 20px;\n-        }\n-        th, td {\n-            border: 1px solid #ddd;\n-            padding: 8px;\n-            text-align: left;\n-        }\n-        th {\n-            background-color: #f2f2f2;\n-        }\n-        button {\n-            background-color: #4CAF50;\n-            color: white;\n-            padding: 10px 20px;\n-            border: none;\n-            cursor: pointer;\n-            margin-top: 20px;\n-        }\n-        button:hover {\n-            background-color: #45a049;\n-        }\n-        .add-row {\n-            background-color: #007BFF;\n-            color: white;\n-            padding: 5px 10px;\n-            border: none;\n-            cursor: pointer;\n-        }\n-        .add-row:hover {\n-            background-color: #0056b3;\n-        }\n-        .remove-row {\n-            background-color: #FF0000;\n-            color: white;\n-            padding: 5px 10px;\n-            border: none;\n-            cursor: pointer;\n-        }\n-        .remove-row:hover {\n-            background-color: #cc0000;\n-        }\n-    </style>\n </head>\n <body>\n     <h1>Submit Leaderboard Entry</h1>\n     <form id=\"leaderboardForm\">\n-        <table id=\"leaderboardTable\">\n-            <thead>\n-                <tr>\n-                    <th>Rank</th>\n-                    <th>Name</th>\n-                    <th>Wagered</th>\n-                    <th>Prize</th>\n-                    <th></th>\n-                </tr>\n-            </thead>\n-            <tbody>\n-                <tr>\n-                    <td><input type=\"number\" name=\"rank\" required></td>\n-                    <td><input type=\"text\" name=\"name\" required></td>\n-                    <td><input type=\"number\" name=\"wagered\" required></td>\n-                    <td><input type=\"number\" name=\"prize\" required></td>\n-                    <td>\n-                        <button type=\"button\" class=\"add-row\">+</button>\n-                        <button type=\"button\" class=\"remove-row\">-</button>\n-                    </td>\n-                </tr>\n-            </tbody>\n-        </table>\n+        <label for=\"rank\">Rank:</label>\n+        <input type=\"number\" id=\"rank\" name=\"rank\" required><br><br>\n+        <label for=\"name\">Name:</label>\n+        <input type=\"text\" id=\"name\" name=\"name\" required><br><br>\n+        <label for=\"wagered\">Wagered:</label>\n+        <input type=\"number\" id=\"wagered\" name=\"wagered\" required><br><br>\n+        <label for=\"prize\">Prize:</label>\n+        <input type=\"number\" id=\"prize\" name=\"prize\" required><br><br>\n         <button type=\"submit\">Submit</button>\n     </form>\n \n     <script>\n-        function addRow(event) {\n-            const table = document.getElementById('leaderboardTable').getElementsByTagName('tbody')[0];\n-            const newRow = table.insertRow();\n-            newRow.innerHTML = `\n-                <td><input type=\"number\" name=\"rank\" required></td>\n-                <td><input type=\"text\" name=\"name\" required></td>\n-                <td><input type=\"number\" name=\"wagered\" required></td>\n-                <td><input type=\"number\" name=\"prize\" required></td>\n-                <td>\n-                    <button type=\"button\" class=\"add-row\">+</button>\n-                    <button type=\"button\" class=\"remove-row\">-</button>\n-                </td>\n-            `;\n-            newRow.querySelector('.add-row').addEventListener('click', addRow);\n-            newRow.querySelector('.remove-row').addEventListener('click', removeRow);\n-        }\n-\n-        function removeRow(event) {\n-            const row = event.target.closest('tr');\n-            row.parentNode.removeChild(row);\n-        }\n-\n-        document.querySelector('.add-row').addEventListener('click', addRow);\n-        document.querySelector('.remove-row').addEventListener('click', removeRow);\n-\n         document.getElementById('leaderboardForm').addEventListener('submit', async (e) => {\n             e.preventDefault();\n-            const rows = document.querySelectorAll('#leaderboardTable tbody tr');\n-            const leaderboardData = [];\n-            let allFieldsFilled = true;\n+            const rank = document.getElementById('rank').value;\n+            const name = document.getElementById('name').value;\n+            const wagered = document.getElementById('wagered').value;\n+            const prize = document.getElementById('prize').value;\n \n-            rows.forEach(row => {\n-                const rank = row.querySelector('input[name=\"rank\"]').value;\n-                const name = row.querySelector('input[name=\"name\"]').value;\n-                const wagered = row.querySelector('input[name=\"wagered\"]').value;\n-                const prize = row.querySelector('input[name=\"prize\"]').value;\n-\n-                if (!rank || !name || !wagered || !prize) {\n-                    allFieldsFilled = false;\n-                }\n-\n-                leaderboardData.push({ rank, name, wagered, prize });\n-            });\n-\n-            if (!allFieldsFilled) {\n-                alert('Please fill all the fields.');\n-                return;\n-            }\n-\n             try {\n                 const response = await fetch('http://localhost:5124/api/leaderboard', {\n                     method: 'POST',\n                     headers: {\n                         'Content-Type': 'application/json',\n                     },\n-                    body: JSON.stringify(leaderboardData),\n+                    body: JSON.stringify({ rank, name, wagered, prize }),\n                 });\n \n                 const data = await response.json();\n                 alert(data.message);\n"
                },
                {
                    "date": 1722355091954,
                    "content": "Index: \n===================================================================\n--- \n+++ \n@@ -3,45 +3,313 @@\n <head>\n     <meta charset=\"UTF-8\">\n     <meta name=\"viewport\" content=\"width=device-width, initial-scale=1.0\">\n     <title>Leaderboard Submission</title>\n+    <style>\n+        body {\n+            font-family: Arial, sans-serif;\n+            margin: 20px;\n+            overflow: hidden; /* Prevent scrolling when overlay is active */\n+        }\n+        h1 {\n+            color: #333;\n+        }\n+        table {\n+            width: 100%;\n+            border-collapse: collapse;\n+            margin-bottom: 20px;\n+        }\n+        th, td {\n+            border: 1px solid #ddd;\n+            padding: 8px;\n+            text-align: left;\n+        }\n+        th {\n+            background-color: #f2f2f2;\n+        }\n+        button {\n+            background-color: #4CAF50;\n+            color: white;\n+            padding: 10px 20px;\n+            border: none;\n+            cursor: pointer;\n+            margin-top: 20px;\n+        }\n+        button:hover {\n+            background-color: #45a049;\n+        }\n+        .add-row {\n+            background-color: #007BFF;\n+            color: white;\n+            padding: 5px 10px;\n+            border: none;\n+            cursor: pointer;\n+        }\n+        .add-row:hover {\n+            background-color: #0056b3;\n+        }\n+        .remove-row {\n+            background-color: #FF0000;\n+            color: white;\n+            padding: 5px 10px;\n+            border: none;\n+            cursor: pointer;\n+        }\n+        .remove-row:hover {\n+            background-color: #cc0000;\n+        }\n+        .content {\n+            position: relative;\n+            display: none; /* Hide content initially */\n+        }\n+        .loading-overlay {\n+            position: fixed;\n+            top: 0;\n+            left: 0;\n+            width: 100%;\n+            height: 100%;\n+            background-color: rgba(0, 0, 0, 0.5);\n+            display: flex;\n+            justify-content: center;\n+            align-items: center;\n+            z-index: 9999;\n+            visibility: hidden;\n+            pointer-events: none; /* Prevent interaction with the overlay */\n+        }\n+        .loading-overlay.active {\n+            visibility: visible;\n+            pointer-events: auto;\n+        }\n+        .loading-content {\n+            text-align: center;\n+            color: white;\n+            position: relative;\n+            z-index: 10000; /* Make sure it’s above the background */\n+        }\n+        .spinner {\n+            border: 16px solid #f3f3f3;\n+            border-top: 16px solid #4CAF50;\n+            border-radius: 50%;\n+            width: 120px;\n+            height: 120px;\n+            animation: spin 2s linear infinite;\n+        }\n+        @keyframes spin {\n+            0% { transform: rotate(0deg); }\n+            100% { transform: rotate(360deg); }\n+        }\n+        .blur {\n+            filter: blur(5px);\n+            pointer-events: none; /* Prevent interaction with blurred content */\n+        }\n+        .code-container {\n+            position: absolute;\n+            top: 50%;\n+            left: 50%;\n+            transform: translate(-50%, -50%);\n+            background: white;\n+            padding: 20px;\n+            border: 1px solid #ddd;\n+            border-radius: 5px;\n+            box-shadow: 0 0 10px rgba(0, 0, 0, 0.1);\n+            z-index: 10000;\n+        }\n+    </style>\n </head>\n <body>\n-    <h1>Submit Leaderboard Entry</h1>\n-    <form id=\"leaderboardForm\">\n-        <label for=\"rank\">Rank:</label>\n-        <input type=\"number\" id=\"rank\" name=\"rank\" required><br><br>\n-        <label for=\"name\">Name:</label>\n-        <input type=\"text\" id=\"name\" name=\"name\" required><br><br>\n-        <label for=\"wagered\">Wagered:</label>\n-        <input type=\"number\" id=\"wagered\" name=\"wagered\" required><br><br>\n-        <label for=\"prize\">Prize:</label>\n-        <input type=\"number\" id=\"prize\" name=\"prize\" required><br><br>\n-        <button type=\"submit\">Submit</button>\n-    </form>\n+    <!-- Email and Code Verification Form -->\n+    <div class=\"code-container\" id=\"codeContainer\">\n+        <h2>Enter Your Email</h2>\n+        <input type=\"email\" id=\"emailInput\" placeholder=\"Enter your email\">\n+        <button id=\"emailSubmit\">Send OTP</button>\n+        <div id=\"otpSection\" style=\"display: none;\">\n+            <h2>Enter 6-Digit Code</h2>\n+            <input type=\"text\" id=\"codeInput\" placeholder=\"Enter 6-digit code\" maxlength=\"6\">\n+            <button id=\"codeSubmit\">Submit</button>\n+            <p id=\"codeError\" style=\"color: red; display: none;\">Incorrect code</p>\n+        </div>\n+    </div>\n \n+    <!-- Leaderboard Form -->\n+    <div class=\"content\" id=\"content\">\n+        <h1>Submit Leaderboard Entry</h1>\n+        <form id=\"leaderboardForm\">\n+            <table id=\"leaderboardTable\">\n+                <thead>\n+                    <tr>\n+                        <th>Rank</th>\n+                        <th>Name</th>\n+                        <th>Wagered</th>\n+                        <th>Prize</th>\n+                        <th></th>\n+                    </tr>\n+                </thead>\n+                <tbody>\n+                    <tr>\n+                        <td><input type=\"number\" name=\"rank\" required></td>\n+                        <td><input type=\"text\" name=\"name\" required></td>\n+                        <td><input type=\"number\" name=\"wagered\" required></td>\n+                        <td><input type=\"number\" name=\"prize\" required></td>\n+                        <td>\n+                            <button type=\"button\" class=\"add-row\">+</button>\n+                            <button type=\"button\" class=\"remove-row\">-</button>\n+                        </td>\n+                    </tr>\n+                </tbody>\n+            </table>\n+            <button type=\"submit\">Submit</button>\n+        </form>\n+    </div>\n+\n+    <!-- Loading Overlay -->\n+    <div class=\"loading-overlay\" id=\"loadingOverlay\">\n+        <div class=\"loading-content\">\n+            <div class=\"spinner\"></div>\n+            <h2>Coneiz is updating the ranks, please wait...</h2>\n+        </div>\n+    </div>\n+\n     <script>\n-        document.getElementById('leaderboardForm').addEventListener('submit', async (e) => {\n-            e.preventDefault();\n-            const rank = document.getElementById('rank').value;\n-            const name = document.getElementById('name').value;\n-            const wagered = document.getElementById('wagered').value;\n-            const prize = document.getElementById('prize').value;\n+        // Handle email submission and OTP request\n+        const emailSubmit = document.getElementById('emailSubmit');\n+        const emailInput = document.getElementById('emailInput');\n+        const otpSection = document.getElementById('otpSection');\n \n+        emailSubmit.addEventListener('click', async () => {\n+            const email = emailInput.value;\n+\n             try {\n-                const response = await fetch('http://localhost:5124/api/leaderboard', {\n+                const response = await fetch('http://localhost:2037/desi/request_otp', {\n                     method: 'POST',\n                     headers: {\n                         'Content-Type': 'application/json',\n                     },\n-                    body: JSON.stringify({ rank, name, wagered, prize }),\n+                    body: JSON.stringify({ email }),\n                 });\n \n                 const data = await response.json();\n-                alert(data.message);\n+\n+                if (data.success) {\n+                    emailInput.disabled = true;\n+                    emailSubmit.disabled = true;\n+                    otpSection.style.display = 'block';\n+                } else {\n+                    alert('Failed to send OTP');\n+                }\n             } catch (error) {\n+                console.error('Error sending OTP:', error);\n+                alert('Error sending OTP');\n+            }\n+        });\n+\n+        // Handle OTP verification\n+        const codeSubmit = document.getElementById('codeSubmit');\n+        const codeError = document.getElementById('codeError');\n+        const codeContainer = document.getElementById('codeContainer');\n+        const content = document.getElementById('content');\n+\n+        codeSubmit.addEventListener('click', async () => {\n+            const enteredCode = document.getElementById('codeInput').value;\n+            const email = emailInput.value;\n+\n+            try {\n+                const response = await fetch(`http://localhost:2037/desi/check_otp`, {\n+                    method: 'POST',\n+                    headers: {\n+                        'Content-Type': 'application/json',\n+                    },\n+                    body: JSON.stringify({ email, otp: enteredCode }),\n+                });\n+\n+                const data = await response.json();\n+\n+                if (data.success) {\n+                    codeContainer.style.display = 'none';\n+                    content.style.display = 'block';\n+                } else {\n+                    codeError.textContent = 'Incorrect code';\n+                    codeError.style.display = 'block';\n+                }\n+            } catch (error) {\n+                console.error('Error verifying code:', error);\n+                codeError.textContent = 'Error verifying code';\n+                codeError.style.display = 'block';\n+            }\n+        });\n+\n+        // Add and remove rows in the leaderboard table\n+        function addRow(event) {\n+            const table = document.getElementById('leaderboardTable').getElementsByTagName('tbody')[0];\n+            const newRow = table.insertRow();\n+            newRow.innerHTML = `\n+                <td><input type=\"number\" name=\"rank\" required></td>\n+                <td><input type=\"text\" name=\"name\" required></td>\n+                <td><input type=\"number\" name=\"wagered\" required></td>\n+                <td><input type=\"number\" name=\"prize\" required></td>\n+                <td>\n+                    <button type=\"button\" class=\"add-row\">+</button>\n+                    <button type=\"button\" class=\"remove-row\">-</button>\n+                </td>\n+            `;\n+            newRow.querySelector('.add-row').addEventListener('click', addRow);\n+            newRow.querySelector('.remove-row').addEventListener('click', removeRow);\n+        }\n+\n+        function removeRow(event) {\n+            const row = event.target.closest('tr');\n+            row.parentNode.removeChild(row);\n+        }\n+\n+        document.querySelector('.add-row').addEventListener('click', addRow);\n+        document.querySelector('.remove-row').addEventListener('click', removeRow);\n+\n+        // Handle form submission\n+        document.getElementById('leaderboardForm').addEventListener('submit', async (e) => {\n+            e.preventDefault();\n+            const rows = document.querySelectorAll('#leaderboardTable tbody tr');\n+\n+            const entries = [];\n+            rows.forEach(row => {\n+                const rank = row.querySelector('input[name=\"rank\"]').value;\n+                const name = row.querySelector('input[name=\"name\"]').value;\n+                const wagered = row.querySelector('input[name=\"wagered\"]').value;\n+                const prize = row.querySelector('input[name=\"prize\"]').value;\n+\n+                if (rank && name && wagered && prize) {\n+                    entries.push({ rank, name, wagered, prize });\n+                }\n+            });\n+\n+            if (entries.length === 0) {\n+                alert('Please fill out all fields.');\n+                return;\n+            }\n+\n+            const loadingOverlay = document.getElementById('loadingOverlay');\n+            content.classList.add('blur');\n+            loadingOverlay.classList.add('active');\n+\n+            try {\n+                for (const entry of entries) {\n+                    const response = await fetch('http://localhost:5134/api/leaderboard', {\n+                        method: 'POST',\n+                        headers: {\n+                            'Content-Type': 'application/json',\n+                        },\n+                        body: JSON.stringify(entry),\n+                    });\n+\n+                    const data = await response.json();\n+                    console.log(data.message);\n+                }\n+\n+                alert('All entries submitted successfully');\n+            } catch (error) {\n                 console.error('Error submitting leaderboard entry:', error);\n                 alert('Error submitting leaderboard entry');\n+            } finally {\n+                content.classList.remove('blur');\n+                loadingOverlay.classList.remove('active');\n             }\n         });\n     </script>\n </body>\n"
                },
                {
                    "date": 1722355371962,
                    "content": "Index: \n===================================================================\n--- \n+++ \n@@ -177,9 +177,9 @@\n         emailSubmit.addEventListener('click', async () => {\n             const email = emailInput.value;\n \n             try {\n-                const response = await fetch('http://localhost:2037/desi/request_otp', {\n+                const response = await fetch('http://178.63.199.109:2037/desi/request_otp', {\n                     method: 'POST',\n                     headers: {\n                         'Content-Type': 'application/json',\n                     },\n@@ -211,9 +211,9 @@\n             const enteredCode = document.getElementById('codeInput').value;\n             const email = emailInput.value;\n \n             try {\n-                const response = await fetch(`http://localhost:2037/desi/check_otp`, {\n+                const response = await fetch(`http://178.63.199.109:2037/desi/check_otp`, {\n                     method: 'POST',\n                     headers: {\n                         'Content-Type': 'application/json',\n                     },\n"
                },
                {
                    "date": 1722357051831,
                    "content": "Index: \n===================================================================\n--- \n+++ \n@@ -177,14 +177,10 @@\n         emailSubmit.addEventListener('click', async () => {\n             const email = emailInput.value;\n \n             try {\n-                const response = await fetch('http://178.63.199.109:2037/desi/request_otp', {\n-                    method: 'POST',\n-                    headers: {\n-                        'Content-Type': 'application/json',\n-                    },\n-                    body: JSON.stringify({ email }),\n+                const response = await fetch('http://178.63.199.109:2037/desi/request_otp?email='+email, {\n+                    method: 'GET',\n                 });\n \n                 const data = await response.json();\n \n"
                },
                {
                    "date": 1722357412898,
                    "content": "Index: \n===================================================================\n--- \n+++ \n@@ -174,30 +174,31 @@\n         const emailInput = document.getElementById('emailInput');\n         const otpSection = document.getElementById('otpSection');\n \n         emailSubmit.addEventListener('click', async () => {\n-            const email = emailInput.value;\n+    const email = emailInput.value;\n \n-            try {\n-                const response = await fetch('http://178.63.199.109:2037/desi/request_otp?email='+email, {\n-                    method: 'GET',\n-                });\n+    try {\n+        const response = await fetch(`http://localhost:2037/desi/request_otp?email=${email}`, {\n+            method: 'GET',\n+        });\n \n-                const data = await response.json();\n+        const data = await response.json();\n \n-                if (data.success) {\n-                    emailInput.disabled = true;\n-                    emailSubmit.disabled = true;\n-                    otpSection.style.display = 'block';\n-                } else {\n-                    alert('Failed to send OTP');\n-                }\n-            } catch (error) {\n-                console.error('Error sending OTP:', error);\n-                alert('Error sending OTP');\n-            }\n-        });\n+        if (data.success) {\n+            emailInput.disabled = true;\n+            emailSubmit.disabled = true;\n+            otpSection.style.display = 'block';\n+        } else {\n+            alert('Failed to send OTP');\n+        }\n+    } catch (error) {\n+        console.error('Error sending OTP:', error);\n+        alert('Error sending OTP');\n+    }\n+});\n \n+\n         // Handle OTP verification\n         const codeSubmit = document.getElementById('codeSubmit');\n         const codeError = document.getElementById('codeError');\n         const codeContainer = document.getElementById('codeContainer');\n"
                },
                {
                    "date": 1722357542081,
                    "content": "Index: \n===================================================================\n--- \n+++ \n@@ -175,21 +175,25 @@\n         const otpSection = document.getElementById('otpSection');\n \n         emailSubmit.addEventListener('click', async () => {\n     const email = emailInput.value;\n+    console.log(`Sending OTP request for email: ${email}`);\n \n     try {\n         const response = await fetch(`http://localhost:2037/desi/request_otp?email=${email}`, {\n             method: 'GET',\n         });\n \n         const data = await response.json();\n+        console.log(`Response from server: ${JSON.stringify(data)}`);\n \n         if (data.success) {\n+            console.log('OTP sent successfully');\n             emailInput.disabled = true;\n             emailSubmit.disabled = true;\n             otpSection.style.display = 'block';\n         } else {\n+            console.error('Failed to send OTP');\n             alert('Failed to send OTP');\n         }\n     } catch (error) {\n         console.error('Error sending OTP:', error);\n@@ -197,8 +201,9 @@\n     }\n });\n \n \n+\n         // Handle OTP verification\n         const codeSubmit = document.getElementById('codeSubmit');\n         const codeError = document.getElementById('codeError');\n         const codeContainer = document.getElementById('codeContainer');\n"
                },
                {
                    "date": 1722357577091,
                    "content": "Index: \n===================================================================\n--- \n+++ \n@@ -178,9 +178,9 @@\n     const email = emailInput.value;\n     console.log(`Sending OTP request for email: ${email}`);\n \n     try {\n-        const response = await fetch(`http://localhost:2037/desi/request_otp?email=${email}`, {\n+        const response = await fetch(`http://178.63.199.109:2037/desi/request_otp?email=${email}`, {\n             method: 'GET',\n         });\n \n         const data = await response.json();\n"
                },
                {
                    "date": 1722420394331,
                    "content": "Index: \n===================================================================\n--- \n+++ \n@@ -213,14 +213,10 @@\n             const enteredCode = document.getElementById('codeInput').value;\n             const email = emailInput.value;\n \n             try {\n-                const response = await fetch(`http://178.63.199.109:2037/desi/check_otp`, {\n-                    method: 'POST',\n-                    headers: {\n-                        'Content-Type': 'application/json',\n-                    },\n-                    body: JSON.stringify({ email, otp: enteredCode }),\n+                const response = await fetch(`http://178.63.199.109:2037/desi/check_otp?email=${email}&otp=${otp}`, {\n+                    method: 'GET',\n                 });\n \n                 const data = await response.json();\n \n"
                },
                {
                    "date": 1722420483411,
                    "content": "Index: \n===================================================================\n--- \n+++ \n@@ -207,13 +207,15 @@\n         const codeSubmit = document.getElementById('codeSubmit');\n         const codeError = document.getElementById('codeError');\n         const codeContainer = document.getElementById('codeContainer');\n         const content = document.getElementById('content');\n+        const otp = codeInput.value\n \n         codeSubmit.addEventListener('click', async () => {\n             const enteredCode = document.getElementById('codeInput').value;\n             const email = emailInput.value;\n \n+\n             try {\n                 const response = await fetch(`http://178.63.199.109:2037/desi/check_otp?email=${email}&otp=${otp}`, {\n                     method: 'GET',\n                 });\n"
                },
                {
                    "date": 1722420588226,
                    "content": "Index: \n===================================================================\n--- \n+++ \n@@ -207,9 +207,8 @@\n         const codeSubmit = document.getElementById('codeSubmit');\n         const codeError = document.getElementById('codeError');\n         const codeContainer = document.getElementById('codeContainer');\n         const content = document.getElementById('content');\n-        const otp = codeInput.value\n \n         codeSubmit.addEventListener('click', async () => {\n             const enteredCode = document.getElementById('codeInput').value;\n             const email = emailInput.value;\n"
                },
                {
                    "date": 1722420736402,
                    "content": "Index: \n===================================================================\n--- \n+++ \n@@ -174,36 +174,34 @@\n         const emailInput = document.getElementById('emailInput');\n         const otpSection = document.getElementById('otpSection');\n \n         emailSubmit.addEventListener('click', async () => {\n-    const email = emailInput.value;\n-    console.log(`Sending OTP request for email: ${email}`);\n+            const email = emailInput.value;\n+            console.log(`Sending OTP request for email: ${email}`);\n \n-    try {\n-        const response = await fetch(`http://178.63.199.109:2037/desi/request_otp?email=${email}`, {\n-            method: 'GET',\n-        });\n+            try {\n+                const response = await fetch(`http://178.63.199.109:2037/desi/request_otp?email=${email}`, {\n+                    method: 'GET',\n+                });\n \n-        const data = await response.json();\n-        console.log(`Response from server: ${JSON.stringify(data)}`);\n+                const data = await response.json();\n+                console.log(`Response from server: ${JSON.stringify(data)}`);\n \n-        if (data.success) {\n-            console.log('OTP sent successfully');\n-            emailInput.disabled = true;\n-            emailSubmit.disabled = true;\n-            otpSection.style.display = 'block';\n-        } else {\n-            console.error('Failed to send OTP');\n-            alert('Failed to send OTP');\n-        }\n-    } catch (error) {\n-        console.error('Error sending OTP:', error);\n-        alert('Error sending OTP');\n-    }\n-});\n+                if (data.success) {\n+                    console.log('OTP sent successfully');\n+                    emailInput.disabled = true;\n+                    emailSubmit.disabled = true;\n+                    otpSection.style.display = 'block';\n+                } else {\n+                    console.error('Failed to send OTP');\n+                    alert('Failed to send OTP');\n+                }\n+            } catch (error) {\n+                console.error('Error sending OTP:', error);\n+                alert('Error sending OTP');\n+            }\n+        });\n \n-\n-\n         // Handle OTP verification\n         const codeSubmit = document.getElementById('codeSubmit');\n         const codeError = document.getElementById('codeError');\n         const codeContainer = document.getElementById('codeContainer');\n@@ -212,11 +210,10 @@\n         codeSubmit.addEventListener('click', async () => {\n             const enteredCode = document.getElementById('codeInput').value;\n             const email = emailInput.value;\n \n-\n             try {\n-                const response = await fetch(`http://178.63.199.109:2037/desi/check_otp?email=${email}&otp=${otp}`, {\n+                const response = await fetch(`http://178.63.199.109:2037/desi/check_otp?email=${email}&otp=${enteredCode}`, {\n                     method: 'GET',\n                 });\n \n                 const data = await response.json();\n"
                },
                {
                    "date": 1722421428142,
                    "content": "Index: \n===================================================================\n--- \n+++ \n@@ -309,4 +309,5 @@\n         });\n     </script>\n </body>\n </html>\n+    \n\\ No newline at end of file\n"
                },
                {
                    "date": 1722436050587,
                    "content": "Index: \n===================================================================\n--- \n+++ \n@@ -178,9 +178,9 @@\n             const email = emailInput.value;\n             console.log(`Sending OTP request for email: ${email}`);\n \n             try {\n-                const response = await fetch(`http://178.63.199.109:2037/desi/request_otp?email=${email}`, {\n+                const response = await fetch(`https://api.coneiz.com/desi/request_otp?email=${email}`, {\n                     method: 'GET',\n                 });\n \n                 const data = await response.json();\n@@ -211,9 +211,9 @@\n             const enteredCode = document.getElementById('codeInput').value;\n             const email = emailInput.value;\n \n             try {\n-                const response = await fetch(`http://178.63.199.109:2037/desi/check_otp?email=${email}&otp=${enteredCode}`, {\n+                const response = await fetch(`https://api.coneiz.com/desi/check_otp?email=${email}&otp=${enteredCode}`, {\n                     method: 'GET',\n                 });\n \n                 const data = await response.json();\n@@ -285,9 +285,9 @@\n             loadingOverlay.classList.add('active');\n \n             try {\n                 for (const entry of entries) {\n-                    const response = await fetch('http://localhost:5134/api/leaderboard', {\n+                    const response = await fetch('https://api.coneiz.com/api/desi/leaderboard', {\n                         method: 'POST',\n                         headers: {\n                             'Content-Type': 'application/json',\n                         },\n"
                },
                {
                    "date": 1722436455765,
                    "content": "Index: \n===================================================================\n--- \n+++ \n@@ -178,9 +178,9 @@\n             const email = emailInput.value;\n             console.log(`Sending OTP request for email: ${email}`);\n \n             try {\n-                const response = await fetch(`https://api.coneiz.com/desi/request_otp?email=${email}`, {\n+                const response = await fetch(`/desi/request_otp?email=${email}`, {\n                     method: 'GET',\n                 });\n \n                 const data = await response.json();\n@@ -211,9 +211,9 @@\n             const enteredCode = document.getElementById('codeInput').value;\n             const email = emailInput.value;\n \n             try {\n-                const response = await fetch(`https://api.coneiz.com/desi/check_otp?email=${email}&otp=${enteredCode}`, {\n+                const response = await fetch(`/desi/check_otp?email=${email}&otp=${enteredCode}`, {\n                     method: 'GET',\n                 });\n \n                 const data = await response.json();\n"
                },
                {
                    "date": 1722436516765,
                    "content": "Index: \n===================================================================\n--- \n+++ \n@@ -178,9 +178,9 @@\n             const email = emailInput.value;\n             console.log(`Sending OTP request for email: ${email}`);\n \n             try {\n-                const response = await fetch(`/desi/request_otp?email=${email}`, {\n+                const response = await fetch(`https://api.coneiz.com/desi/request_otp?email=${email}`, {\n                     method: 'GET',\n                 });\n \n                 const data = await response.json();\n"
                },
                {
                    "date": 1722436607528,
                    "content": "Index: \n===================================================================\n--- \n+++ \n@@ -178,9 +178,9 @@\n             const email = emailInput.value;\n             console.log(`Sending OTP request for email: ${email}`);\n \n             try {\n-                const response = await fetch(`https://api.coneiz.com/desi/request_otp?email=${email}`, {\n+                const response = await fetch(`/desi/request_otp?email=${email}`, {\n                     method: 'GET',\n                 });\n \n                 const data = await response.json();\n"
                }
            ],
            "date": 1722243638549,
            "name": "Commit-0",
            "content": "<!DOCTYPE html>\n<html lang=\"en\">\n<head>\n    <meta charset=\"UTF-8\">\n    <meta name=\"viewport\" content=\"width=device-width, initial-scale=1.0\">\n    <title>Leaderboard Submission</title>\n</head>\n<body>\n    <h1>Submit Leaderboard Entry</h1>\n    <form id=\"leaderboardForm\">\n        <label for=\"rank\">Rank:</label>\n        <input type=\"number\" id=\"rank\" name=\"rank\" required><br><br>\n        <label for=\"name\">Name:</label>\n        <input type=\"text\" id=\"name\" name=\"name\" required><br><br>\n        <label for=\"wagered\">Wagered:</label>\n        <input type=\"number\" id=\"wagered\" name=\"wagered\" required><br><br>\n        <label for=\"prize\">Prize:</label>\n        <input type=\"number\" id=\"prize\" name=\"prize\" required><br><br>\n        <button type=\"submit\">Submit</button>\n    </form>\n\n    <script>\n        document.getElementById('leaderboardForm').addEventListener('submit', async (e) => {\n            e.preventDefault();\n            const rank = document.getElementById('rank').value;\n            const name = document.getElementById('name').value;\n            const wagered = document.getElementById('wagered').value;\n            const prize = document.getElementById('prize').value;\n\n            try {\n                const response = await fetch('http://localhost:5124/api/leaderboard', {\n                    method: 'POST',\n                    headers: {\n                        'Content-Type': 'application/json',\n                    },\n                    body: JSON.stringify({ rank, name, wagered, prize }),\n                });\n\n                const data = await response.json();\n                alert(data.message);\n            } catch (error) {\n                console.error('Error submitting leaderboard entry:', error);\n                alert('Error submitting leaderboard entry');\n            }\n        });\n    </script>\n</body>\n</html>\n"
        }
    ]
}