{
    "sourceFile": "auth/.env",
    "activeCommit": 0,
    "commits": [
        {
            "activePatchIndex": 3,
            "patches": [
                {
                    "date": 1722159334077,
                    "content": "Index: \n===================================================================\n--- \n+++ \n"
                },
                {
                    "date": 1722244581402,
                    "content": "Index: \n===================================================================\n--- \n+++ \n@@ -1,7 +1,7 @@\n CLIENT_ID=1073961734399856671\n CLIENT_SECRET=avtSAFsh_vEDQI--eDubBEGPo9cxHrpU\n REDIRECT_URI=http://localhost:5124/callback\n-MONGODB_URI=mongodb+srv://kartik:1234@meow.3mnqvqy.mongodb.net/chachu\n+MONGODB_URI=mongodb+srv://kartik:1234@meow.3mnqvqy.mongodb.net/chachu?retryWrites=true&w=majority\n GUILD_ID=\"1049217470097002507\"\n BOT_TOKEN=MTA3Mzk2MTczNDM5OTg1NjY3MQ.GNOROX.qOUEDzGb2L3ha8S18siAtBAEByPgpNTbDTPh5o\n WEBHOOK_URL=https://discord.com/api/webhooks/1228671097738887208/vTOlmwr3HPNtq260fHbbXd9YiU9A-fH2_xSehlFEEcUoe-XsoDOnfO1orKGKoPvYMBA6\n\\ No newline at end of file\n"
                },
                {
                    "date": 1722424322511,
                    "content": "Index: \n===================================================================\n--- \n+++ \n@@ -3,5 +3,6 @@\n REDIRECT_URI=http://localhost:5124/callback\n MONGODB_URI=mongodb+srv://kartik:1234@meow.3mnqvqy.mongodb.net/chachu?retryWrites=true&w=majority\n GUILD_ID=\"1049217470097002507\"\n BOT_TOKEN=MTA3Mzk2MTczNDM5OTg1NjY3MQ.GNOROX.qOUEDzGb2L3ha8S18siAtBAEByPgpNTbDTPh5o\n-WEBHOOK_URL=https://discord.com/api/webhooks/1228671097738887208/vTOlmwr3HPNtq260fHbbXd9YiU9A-fH2_xSehlFEEcUoe-XsoDOnfO1orKGKoPvYMBA6\n\\ No newline at end of file\n+WEBHOOK_URL=https://discord.com/api/webhooks/1228671097738887208/vTOlmwr3HPNtq260fHbbXd9YiU9A-fH2_xSehlFEEcUoe-XsoDOnfO1orKGKoPvYMBA6\n+API_CONEIZ_URL=https://api.coneiz.com/\n\\ No newline at end of file\n"
                },
                {
                    "date": 1722442913236,
                    "content": "Index: \n===================================================================\n--- \n+++ \n@@ -1,8 +1,7 @@\n CLIENT_ID=1073961734399856671\n CLIENT_SECRET=avtSAFsh_vEDQI--eDubBEGPo9cxHrpU\n REDIRECT_URI=http://localhost:5124/callback\n-MONGODB_URI=mongodb+srv://kartik:1234@meow.3mnqvqy.mongodb.net/chachu?retryWrites=true&w=majority\n GUILD_ID=\"1049217470097002507\"\n BOT_TOKEN=MTA3Mzk2MTczNDM5OTg1NjY3MQ.GNOROX.qOUEDzGb2L3ha8S18siAtBAEByPgpNTbDTPh5o\n WEBHOOK_URL=https://discord.com/api/webhooks/1228671097738887208/vTOlmwr3HPNtq260fHbbXd9YiU9A-fH2_xSehlFEEcUoe-XsoDOnfO1orKGKoPvYMBA6\n API_CONEIZ_URL=https://api.coneiz.com/\n\\ No newline at end of file\n"
                }
            ],
            "date": 1722159334077,
            "name": "Commit-0",
            "content": "CLIENT_ID=1073961734399856671\nCLIENT_SECRET=avtSAFsh_vEDQI--eDubBEGPo9cxHrpU\nREDIRECT_URI=http://localhost:5124/callback\nMONGODB_URI=mongodb+srv://kartik:1234@meow.3mnqvqy.mongodb.net/chachu\nGUILD_ID=\"1049217470097002507\"\nBOT_TOKEN=MTA3Mzk2MTczNDM5OTg1NjY3MQ.GNOROX.qOUEDzGb2L3ha8S18siAtBAEByPgpNTbDTPh5o\nWEBHOOK_URL=https://discord.com/api/webhooks/1228671097738887208/vTOlmwr3HPNtq260fHbbXd9YiU9A-fH2_xSehlFEEcUoe-XsoDOnfO1orKGKoPvYMBA6"
        }
    ]
}