{
    "sourceFile": "auth/code.js",
    "activeCommit": 0,
    "commits": [
        {
            "activePatchIndex": 1,
            "patches": [
                {
                    "date": 1722347609261,
                    "content": "Index: \n===================================================================\n--- \n+++ \n"
                },
                {
                    "date": 1722347619637,
                    "content": "Index: \n===================================================================\n--- \n+++ \n@@ -75,17 +75,8 @@\n     res.status(500).json({ success: false, message: 'Server Error' });\n   }\n });\n \n-// API endpoint for leaderboard submission (protected)\n-app.post('/api/leaderboard', (req, res) => {\n-  if (!req.session.userId) {\n-    return res.status(401).json({ success: false, message: 'Unauthorized' });\n-  }\n-  // Handle leaderboard entry submission here\n-  res.status(200).json({ success: true, message: 'Leaderboard entry received' });\n-});\n-\n // Start the server\n const PORT = 5134;\n app.listen(PORT, () => {\n   console.log(`Server is running on port ${PORT}`);\n"
                }
            ],
            "date": 1722347609261,
            "name": "Commit-0",
            "content": "const express = require('express');\nconst mongoose = require('mongoose');\nconst bodyParser = require('body-parser');\nconst session = require('express-session');\nconst app = express();\nvar cors = require('cors')\napp.use(cors())\n\n\napp.use(bodyParser.json());\napp.use(bodyParser.urlencoded({ extended: true }));\n\n// Connect to MongoDB\nmongoose.connect('mongodb://admin:admin@5.161.99.235:3022/', { useNewUrlParser: true, useUnifiedTopology: true });\n\n// Define the User model\nconst UserSchema = new mongoose.Schema({\n  username: { type: String, required: true, unique: true },\n  password: { type: String, required: true }, // Store hashed passwords in a real application\n});\nconst User = mongoose.model('User', UserSchema);\n\n// Define the Mongoose model for leaderboard codes\nconst CodeSchema = new mongoose.Schema({\n  code: { type: String, required: true },\n  createdAt: { type: Date, default: Date.now, expires: '10m' }\n});\nconst Code = mongoose.model('Code', CodeSchema);\n\n// Middleware for session management\napp.use(session({\n  secret: 'your-secret-key',\n  resave: false,\n  saveUninitialized: true,\n}));\n\n// Function to generate a 6-digit code\nconst generateCode = () => {\n  return Math.floor(100000 + Math.random() * 900000).toString();\n};\n\n// API endpoint for checking code\napp.get('/check-code', async (req, res) => {\n  try {\n    const { code } = req.query;\n    const existingCode = await Code.findOne({ code });\n    res.status(200).json({ success: true, exists: !!existingCode });\n  } catch (error) {\n    console.error(error);\n    res.status(500).json({ success: false, message: 'Server Error' });\n  }\n});\n\n// API endpoint for deleting a code\napp.delete('/delete-code/:code', async (req, res) => {\n  try {\n    const { code } = req.params;\n    const result = await Code.deleteOne({ code });\n    res.status(200).json({ success: result.deletedCount > 0, message: result.deletedCount > 0 ? 'Code deleted' : 'Code not found' });\n  } catch (error) {\n    console.error(error);\n    res.status(500).json({ success: false, message: 'Server Error' });\n  }\n});\n\n// API endpoint for generating and saving the code\napp.get('/generate-code', async (req, res) => {\n  try {\n    const code = generateCode();\n    const newCode = new Code({ code });\n    await newCode.save();\n    res.status(201).json({ success: true, code });\n  } catch (error) {\n    console.error(error);\n    res.status(500).json({ success: false, message: 'Server Error' });\n  }\n});\n\n// API endpoint for leaderboard submission (protected)\napp.post('/api/leaderboard', (req, res) => {\n  if (!req.session.userId) {\n    return res.status(401).json({ success: false, message: 'Unauthorized' });\n  }\n  // Handle leaderboard entry submission here\n  res.status(200).json({ success: true, message: 'Leaderboard entry received' });\n});\n\n// Start the server\nconst PORT = 5134;\napp.listen(PORT, () => {\n  console.log(`Server is running on port ${PORT}`);\n});\n"
        }
    ]
}