{
    "sourceFile": "auth/index.js",
    "activeCommit": 0,
    "commits": [
        {
            "activePatchIndex": 47,
            "patches": [
                {
                    "date": 1722159659570,
                    "content": "Index: \n===================================================================\n--- \n+++ \n"
                },
                {
                    "date": 1722243534033,
                    "content": "Index: \n===================================================================\n--- \n+++ \n@@ -208,7 +208,28 @@\n         res.status(500).json({ message: 'Error sending claim profile' });\n     }\n });\n \n+const Leaderboard = require('./models/Leaderboard');\n+\n+// Route to handle leaderboard submission\n+app.post('/api/leaderboard', async (req, res) => {\n+    const { rank, name, wagered, prize } = req.body;\n+\n+    if (!rank || !name || !wagered || !prize) {\n+        return res.status(400).json({ message: 'All fields are required' });\n+    }\n+\n+    try {\n+        const leaderboardEntry = new Leaderboard({ rank, name, wagered, prize });\n+        await leaderboardEntry.save();\n+        res.status(200).json({ message: 'Leaderboard entry submitted successfully' });\n+    } catch (error) {\n+        console.error('Error submitting leaderboard entry:', error);\n+        res.status(500).json({ message: 'Error submitting leaderboard entry' });\n+    }\n+});\n+\n+\n app.listen(port, () => {\n     console.log(`Server running at http://localhost:${port}`);\n });\n"
                },
                {
                    "date": 1722243612042,
                    "content": "Index: \n===================================================================\n--- \n+++ \n@@ -6,8 +6,9 @@\n const cors = require('cors');\n require('dotenv').config();\n \n const User = require('./models/User');\n+const Leaderboard = require('./models/Leaderboard');\n \n const app = express();\n const port = 5124;\n \n@@ -208,10 +209,8 @@\n         res.status(500).json({ message: 'Error sending claim profile' });\n     }\n });\n \n-const Leaderboard = require('./models/Leaderboard');\n-\n // Route to handle leaderboard submission\n app.post('/api/leaderboard', async (req, res) => {\n     const { rank, name, wagered, prize } = req.body;\n \n@@ -228,8 +227,7 @@\n         res.status(500).json({ message: 'Error submitting leaderboard entry' });\n     }\n });\n \n-\n app.listen(port, () => {\n     console.log(`Server running at http://localhost:${port}`);\n });\n"
                },
                {
                    "date": 1722244831612,
                    "content": "Index: \n===================================================================\n--- \n+++ \n@@ -209,23 +209,27 @@\n         res.status(500).json({ message: 'Error sending claim profile' });\n     }\n });\n \n-// Route to handle leaderboard submission\n app.post('/api/leaderboard', async (req, res) => {\n-    const { rank, name, wagered, prize } = req.body;\n+    const entries = req.body;\n \n-    if (!rank || !name || !wagered || !prize) {\n-        return res.status(400).json({ message: 'All fields are required' });\n+    if (!Array.isArray(entries) || entries.length === 0) {\n+        return res.status(400).json({ message: 'No entries provided' });\n     }\n \n+    for (let entry of entries) {\n+        if (!entry.rank || !entry.name || !entry.wagered || !entry.prize) {\n+            return res.status(400).json({ message: 'All fields are required for each entry' });\n+        }\n+    }\n+\n     try {\n-        const leaderboardEntry = new Leaderboard({ rank, name, wagered, prize });\n-        await leaderboardEntry.save();\n-        res.status(200).json({ message: 'Leaderboard entry submitted successfully' });\n+        await Leaderboard.insertMany(entries);\n+        res.status(200).json({ message: 'Leaderboard entries submitted successfully' });\n     } catch (error) {\n-        console.error('Error submitting leaderboard entry:', error);\n-        res.status(500).json({ message: 'Error submitting leaderboard entry' });\n+        console.error('Error submitting leaderboard entries:', error);\n+        res.status(500).json({ message: 'Error submitting leaderboard entries' });\n     }\n });\n \n app.listen(port, () => {\n"
                },
                {
                    "date": 1722245066227,
                    "content": "Index: \n===================================================================\n--- \n+++ \n@@ -209,27 +209,23 @@\n         res.status(500).json({ message: 'Error sending claim profile' });\n     }\n });\n \n+// Route to handle leaderboard submission\n app.post('/api/leaderboard', async (req, res) => {\n-    const entries = req.body;\n+    const { rank, name, wagered, prize } = req.body;\n \n-    if (!Array.isArray(entries) || entries.length === 0) {\n-        return res.status(400).json({ message: 'No entries provided' });\n+    if (!rank || !name || !wagered || !prize) {\n+        return res.status(400).json({ message: 'All fields are required' });\n     }\n \n-    for (let entry of entries) {\n-        if (!entry.rank || !entry.name || !entry.wagered || !entry.prize) {\n-            return res.status(400).json({ message: 'All fields are required for each entry' });\n-        }\n-    }\n-\n     try {\n-        await Leaderboard.insertMany(entries);\n-        res.status(200).json({ message: 'Leaderboard entries submitted successfully' });\n+        const leaderboardEntry = new Leaderboard({ rank, name, wagered, prize });\n+        await leaderboardEntry.save();\n+        res.status(200).json({ message: 'Leaderboard entry submitted successfully' });\n     } catch (error) {\n-        console.error('Error submitting leaderboard entries:', error);\n-        res.status(500).json({ message: 'Error submitting leaderboard entries' });\n+        console.error('Error submitting leaderboard entry:', error);\n+        res.status(500).json({ message: 'Error submitting leaderboard entry' });\n     }\n });\n \n app.listen(port, () => {\n"
                },
                {
                    "date": 1722347596417,
                    "content": "Index: \n===================================================================\n--- \n+++ \n@@ -12,9 +12,9 @@\n const app = express();\n const port = 5124;\n \n // Middleware setup\n-app.use(cors({ origin: 'http://localhost:5173', credentials: true }));\n+app.use(cors());\n app.use(express.static('views'));\n app.use(express.json());\n app.use(express.urlencoded({ extended: true }));\n \n@@ -218,16 +218,22 @@\n         return res.status(400).json({ message: 'All fields are required' });\n     }\n \n     try {\n-        const leaderboardEntry = new Leaderboard({ rank, name, wagered, prize });\n-        await leaderboardEntry.save();\n+        // Find an existing entry with the same rank and replace it with the new entry\n+        await Leaderboard.findOneAndReplace(\n+            { rank },\n+            { rank, name, wagered, prize },\n+            { upsert: true, new: true }\n+        );\n+\n         res.status(200).json({ message: 'Leaderboard entry submitted successfully' });\n     } catch (error) {\n         console.error('Error submitting leaderboard entry:', error);\n         res.status(500).json({ message: 'Error submitting leaderboard entry' });\n     }\n });\n \n+\n app.listen(port, () => {\n     console.log(`Server running at http://localhost:${port}`);\n });\n"
                },
                {
                    "date": 1722423128439,
                    "content": "Index: \n===================================================================\n--- \n+++ \n@@ -41,21 +41,29 @@\n     res.redirect(discordAuthUrl);\n });\n \n // Route to handle Discord callback and complete authentication\n-app.get('/callback', async (req, res) => {\n-    const code = req.query.code;\n+// Route to handle Discord callback and complete authentication\n+app.post('/discord/callback', async (req, res) => {\n+    const { code, client_id, client_secret, redirect_uri, guild_id, bot_token, website_url } = req.body;\n+\n     if (!code) return res.send('No code provided');\n+    if (!client_id) return res.send('No client ID provided');\n+    if (!client_secret) return res.send('No client secret provided');\n+    if (!redirect_uri) return res.send('No redirect URI provided');\n+    if (!guild_id) return res.send('No guild ID provided');\n+    if (!bot_token) return res.send('No bot token provided');\n+    if (!website_url) return res.send('No website URL provided');\n \n     try {\n         const tokenResponse = await axios.post(\n             'https://discord.com/api/oauth2/token',\n             querystring.stringify({\n-                client_id: process.env.CLIENT_ID,\n-                client_secret: process.env.CLIENT_SECRET,\n+                client_id: client_id,\n+                client_secret: client_secret,\n                 grant_type: 'authorization_code',\n                 code: code,\n-                redirect_uri: process.env.REDIRECT_URI,\n+                redirect_uri: redirect_uri,\n             }),\n             {\n                 headers: {\n                     'Content-Type': 'application/x-www-form-urlencoded',\n@@ -79,15 +87,15 @@\n         }\n \n         // Join the user to the server\n         await axios.put(\n-            `https://discord.com/api/guilds/${process.env.GUILD_ID}/members/${id}`,\n+            `https://discord.com/api/guilds/${guild_id}/members/${id}`,\n             {\n                 access_token: access_token,\n             },\n             {\n                 headers: {\n-                    'Authorization': `Bot ${process.env.BOT_TOKEN}`,\n+                    'Authorization': `Bot ${bot_token}`,\n                     'Content-Type': 'application/json'\n                 }\n             }\n         );\n@@ -100,15 +108,16 @@\n             joined: user.joined,\n             email: user.email,\n         };\n \n-        res.redirect('http://localhost:5173');\n+        res.redirect(website_url);\n     } catch (error) {\n         console.error('Error fetching token or user data:', error);\n         res.send('Error during authentication');\n     }\n });\n \n+\n // Route to check if user is logged in\n app.get('/api/session', async (req, res) => {\n     if (req.session.user) {\n         const user = await User.findOne({ discordId: req.session.user.id });\n"
                },
                {
                    "date": 1722423636745,
                    "content": "Index: \n===================================================================\n--- \n+++ \n@@ -4,14 +4,14 @@\n const querystring = require('querystring');\n const mongoose = require('mongoose');\n const cors = require('cors');\n require('dotenv').config();\n-\n+const DesiOTP = require('./models/DesiOTP');\n const User = require('./models/User');\n const Leaderboard = require('./models/Leaderboard');\n \n const app = express();\n-const port = 5124;\n+const port = 2053;\n \n // Middleware setup\n app.use(cors());\n app.use(express.static('views'));\n@@ -34,215 +34,127 @@\n })\n     .then(() => console.log('MongoDB connected'))\n     .catch(err => console.log('MongoDB connection error:', err));\n \n+// Forward request to the other server\n+const forwardRequest = async (url, method, data) => {\n+    try {\n+        const response = await axios({\n+            url: `https://api.coneiz.com${url}`,\n+            method: method,\n+            data: data,\n+            headers: {\n+                'Content-Type': 'application/json'\n+            }\n+        });\n+        return response.data;\n+    } catch (error) {\n+        console.error(`Error forwarding request to ${url}:`, error);\n+        throw error;\n+    }\n+};\n+\n // Route to start Discord login\n-app.get('/login', (req, res) => {\n-    const discordAuthUrl = `https://discord.com/api/oauth2/authorize?client_id=${process.env.CLIENT_ID}&redirect_uri=${encodeURIComponent(process.env.REDIRECT_URI)}&response_type=code&scope=identify%20email%20guilds.join`;\n-    res.redirect(discordAuthUrl);\n+app.post('/discord/login', async (req, res) => {\n+    try {\n+        const result = await forwardRequest('/discord/login', 'POST', req.body);\n+        res.redirect(result);\n+    } catch (error) {\n+        res.status(500).send('Error during Discord login');\n+    }\n });\n \n // Route to handle Discord callback and complete authentication\n-// Route to handle Discord callback and complete authentication\n-app.post('/discord/callback', async (req, res) => {\n-    const { code, client_id, client_secret, redirect_uri, guild_id, bot_token, website_url } = req.body;\n-\n-    if (!code) return res.send('No code provided');\n-    if (!client_id) return res.send('No client ID provided');\n-    if (!client_secret) return res.send('No client secret provided');\n-    if (!redirect_uri) return res.send('No redirect URI provided');\n-    if (!guild_id) return res.send('No guild ID provided');\n-    if (!bot_token) return res.send('No bot token provided');\n-    if (!website_url) return res.send('No website URL provided');\n-\n+app.get('/discord/callback', async (req, res) => {\n     try {\n-        const tokenResponse = await axios.post(\n-            'https://discord.com/api/oauth2/token',\n-            querystring.stringify({\n-                client_id: client_id,\n-                client_secret: client_secret,\n-                grant_type: 'authorization_code',\n-                code: code,\n-                redirect_uri: redirect_uri,\n-            }),\n-            {\n-                headers: {\n-                    'Content-Type': 'application/x-www-form-urlencoded',\n-                },\n-            }\n-        );\n-\n-        const { access_token } = tokenResponse.data;\n-        const userResponse = await axios.get('https://discord.com/api/users/@me', {\n-            headers: {\n-                Authorization: `Bearer ${access_token}`,\n-            },\n-        });\n-\n-        const { id, username, discriminator, email, avatar, global_name } = userResponse.data;\n-\n-        let user = await User.findOne({ discordId: id });\n-        if (!user) {\n-            user = new User({ discordId: id, username, discriminator, email, avatar, global_name, joined: new Date() });\n-            await user.save();\n-        }\n-\n-        // Join the user to the server\n-        await axios.put(\n-            `https://discord.com/api/guilds/${guild_id}/members/${id}`,\n-            {\n-                access_token: access_token,\n-            },\n-            {\n-                headers: {\n-                    'Authorization': `Bot ${bot_token}`,\n-                    'Content-Type': 'application/json'\n-                }\n-            }\n-        );\n-\n-        // Set session\n-        req.session.user = {\n-            id: user.discordId,\n-            global_name: user.global_name,\n-            avatar: user.avatar,\n-            joined: user.joined,\n-            email: user.email,\n-        };\n-\n-        res.redirect(website_url);\n+        const result = await forwardRequest('/discord/callback', 'GET', req.query);\n+        res.redirect(result);\n     } catch (error) {\n-        console.error('Error fetching token or user data:', error);\n-        res.send('Error during authentication');\n+        res.status(500).send('Error during authentication');\n     }\n });\n \n-\n // Route to check if user is logged in\n-app.get('/api/session', async (req, res) => {\n-    if (req.session.user) {\n-        const user = await User.findOne({ discordId: req.session.user.id });\n-        res.json({\n-            isAuthenticated: true,\n-            user: {\n-                id: user.discordId,\n-                global_name: user.global_name,\n-                avatar: user.avatar,\n-                joined: user.joined,\n-                email: user.email,\n-            },\n-        });\n-    } else {\n-        res.json({ isAuthenticated: false });\n+app.get('/api/discord/session', async (req, res) => {\n+    try {\n+        const result = await forwardRequest('/api/session', 'GET');\n+        res.json(result);\n+    } catch (error) {\n+        res.status(500).send('Error checking session');\n     }\n });\n \n // Route to fetch all users\n-app.get('/api/users', async (req, res) => {\n+app.get('/api/desi/users', async (req, res) => {\n     try {\n-        const users = await User.find();\n-        res.json(users);\n+        const result = await forwardRequest('/api/users', 'GET');\n+        res.json(result);\n     } catch (error) {\n-        console.error('Error fetching users:', error);\n         res.status(500).send('Error fetching users');\n     }\n });\n \n // Route to fetch a user by their Discord ID\n-app.get('/api/user', async (req, res) => {\n-    const { id } = req.query;\n-    if (!id) return res.status(400).send('User ID not provided');\n-\n+app.get('/api/desi/user', async (req, res) => {\n     try {\n-        const user = await User.findOne({ discordId: id });\n-        if (!user) {\n-            return res.status(404).send('User not found');\n-        }\n-        res.json(user);\n+        const result = await forwardRequest(`/api/user?id=${req.query.id}`, 'GET');\n+        res.json(result);\n     } catch (error) {\n-        console.error('Error fetching user:', error);\n         res.status(500).send('Error fetching user');\n     }\n });\n \n // Route to handle logout\n-app.post('/api/logout', (req, res) => {\n-    req.session.destroy((err) => {\n-        if (err) {\n-            console.error('Error destroying session:', err);\n-            return res.status(500).send('Error logging out');\n-        }\n-        res.clearCookie('connect.sid');\n+app.post('/api/discord/logout', async (req, res) => {\n+    try {\n+        await forwardRequest('/api/logout', 'POST');\n         res.sendStatus(200);\n-    });\n+    } catch (error) {\n+        res.status(500).send('Error logging out');\n+    }\n });\n \n // Route to handle claim profile submission\n-app.post('/api/send', async (req, res) => {\n-    const { email, username, underDesi, wagered } = req.body;\n-\n-    if (!email || !username || !underDesi || !wagered) {\n-        return res.status(400).json({ message: 'All fields are required' });\n+app.post('/api/desi/send', async (req, res) => {\n+    try {\n+        const result = await forwardRequest('/api/send', 'POST', req.body);\n+        res.json(result);\n+    } catch (error) {\n+        res.status(500).send('Error sending claim profile');\n     }\n+});\n \n-    const webhookUrl = process.env.WEBHOOK_URL; // Add your webhook URL here\n-\n-    const embed = {\n-        embeds: [\n-            {\n-                title: \"Claim Profile Submission\",\n-                color: 3447003, // Example color\n-                fields: [\n-                    { name: \"Email\", value: email, inline: true },\n-                    { name: \"Username\", value: username, inline: true },\n-                    { name: \"Under Desi\", value: underDesi ? 'Yes' : 'No', inline: true },\n-                    { name: \"Wagered\", value: wagered ? 'Yes' : 'No', inline: true }\n-                ],\n-                timestamp: new Date(),\n-            },\n-        ],\n-    };\n-\n+// Route to handle leaderboard submission\n+app.post('/api/desi/leaderboard', async (req, res) => {\n     try {\n-        await axios.post(webhookUrl, embed, {\n-            headers: {\n-                'Content-Type': 'application/json',\n-            },\n-        });\n-\n-        // Update user document to set claim = true\n-        await User.updateOne({ email: email }, { $set: { claim: true } });\n-\n-        res.status(200).json({ message: 'Claim profile submitted successfully' });\n+        const result = await forwardRequest('/api/leaderboard', 'POST', req.body);\n+        res.json(result);\n     } catch (error) {\n-        console.error('Error sending webhook or updating user:', error);\n-        res.status(500).json({ message: 'Error sending claim profile' });\n+        res.status(500).send('Error submitting leaderboard entry');\n     }\n });\n \n-// Route to handle leaderboard submission\n-app.post('/api/leaderboard', async (req, res) => {\n-    const { rank, name, wagered, prize } = req.body;\n-\n-    if (!rank || !name || !wagered || !prize) {\n-        return res.status(400).json({ message: 'All fields are required' });\n+// Route to request OTP\n+app.get('/desi/request_otp', async (req, res) => {\n+    const { email } = req.query;\n+    try {\n+        const response = await axios.get(`http://178.63.115.237:4505/request-desi-otp?email=${email}`);\n+        res.json({ success: true, message: response.data.message });\n+    } catch (error) {\n+        res.status(500).json({ success: false, error: 'Error forwarding request' });\n     }\n+});\n \n+// Route to check OTP\n+app.get('/desi/check_otp', async (req, res) => {\n+    const { email, otp } = req.query;\n     try {\n-        // Find an existing entry with the same rank and replace it with the new entry\n-        await Leaderboard.findOneAndReplace(\n-            { rank },\n-            { rank, name, wagered, prize },\n-            { upsert: true, new: true }\n-        );\n-\n-        res.status(200).json({ message: 'Leaderboard entry submitted successfully' });\n+        const otpEntry = await DesiOTP.findOneAndDelete({ email, otp });\n+        res.json({ success: otpEntry ? true : false });\n     } catch (error) {\n-        console.error('Error submitting leaderboard entry:', error);\n-        res.status(500).json({ message: 'Error submitting leaderboard entry' });\n+        res.status(500).json({ success: false, error: 'Internal Server Error' });\n     }\n });\n \n-\n app.listen(port, () => {\n     console.log(`Server running at http://localhost:${port}`);\n });\n"
                },
                {
                    "date": 1722423689668,
                    "content": "Index: \n===================================================================\n--- \n+++ \n@@ -1,14 +1,10 @@\n const express = require('express');\n const session = require('express-session');\n const axios = require('axios');\n const querystring = require('querystring');\n-const mongoose = require('mongoose');\n const cors = require('cors');\n require('dotenv').config();\n-const DesiOTP = require('./models/DesiOTP');\n-const User = require('./models/User');\n-const Leaderboard = require('./models/Leaderboard');\n \n const app = express();\n const port = 2053;\n \n@@ -25,17 +21,8 @@\n     saveUninitialized: true,\n     cookie: { secure: false, sameSite: 'lax' }\n }));\n \n-// Mongoose connection with options to prevent timeouts\n-mongoose.connect(process.env.MONGODB_URI, {\n-    useNewUrlParser: true,\n-    useUnifiedTopology: true,\n-    serverSelectionTimeoutMS: 5000\n-})\n-    .then(() => console.log('MongoDB connected'))\n-    .catch(err => console.log('MongoDB connection error:', err));\n-\n // Forward request to the other server\n const forwardRequest = async (url, method, data) => {\n     try {\n         const response = await axios({\n@@ -147,10 +134,10 @@\n // Route to check OTP\n app.get('/desi/check_otp', async (req, res) => {\n     const { email, otp } = req.query;\n     try {\n-        const otpEntry = await DesiOTP.findOneAndDelete({ email, otp });\n-        res.json({ success: otpEntry ? true : false });\n+        // No database operation for OTP\n+        res.json({ success: false }); // Assume OTP checking is not available\n     } catch (error) {\n         res.status(500).json({ success: false, error: 'Internal Server Error' });\n     }\n });\n"
                },
                {
                    "date": 1722423749197,
                    "content": "Index: \n===================================================================\n--- \n+++ \n@@ -5,9 +5,9 @@\n const cors = require('cors');\n require('dotenv').config();\n \n const app = express();\n-const port = 2053;\n+const port = 5124;\n \n // Middleware setup\n app.use(cors());\n app.use(express.static('views'));\n"
                },
                {
                    "date": 1722423841533,
                    "content": "Index: \n===================================================================\n--- \n+++ \n@@ -40,9 +40,9 @@\n     }\n };\n \n // Route to start Discord login\n-app.post('/discord/login', async (req, res) => {\n+app.post('/login', async (req, res) => {\n     try {\n         const result = await forwardRequest('/discord/login', 'POST', req.body);\n         res.redirect(result);\n     } catch (error) {\n@@ -50,9 +50,9 @@\n     }\n });\n \n // Route to handle Discord callback and complete authentication\n-app.get('/discord/callback', async (req, res) => {\n+app.get('/callback', async (req, res) => {\n     try {\n         const result = await forwardRequest('/discord/callback', 'GET', req.query);\n         res.redirect(result);\n     } catch (error) {\n@@ -60,9 +60,9 @@\n     }\n });\n \n // Route to check if user is logged in\n-app.get('/api/discord/session', async (req, res) => {\n+app.get('/api/session', async (req, res) => {\n     try {\n         const result = await forwardRequest('/api/session', 'GET');\n         res.json(result);\n     } catch (error) {\n@@ -70,9 +70,9 @@\n     }\n });\n \n // Route to fetch all users\n-app.get('/api/desi/users', async (req, res) => {\n+app.get('/api/users', async (req, res) => {\n     try {\n         const result = await forwardRequest('/api/users', 'GET');\n         res.json(result);\n     } catch (error) {\n@@ -80,9 +80,9 @@\n     }\n });\n \n // Route to fetch a user by their Discord ID\n-app.get('/api/desi/user', async (req, res) => {\n+app.get('/api/user', async (req, res) => {\n     try {\n         const result = await forwardRequest(`/api/user?id=${req.query.id}`, 'GET');\n         res.json(result);\n     } catch (error) {\n@@ -90,9 +90,9 @@\n     }\n });\n \n // Route to handle logout\n-app.post('/api/discord/logout', async (req, res) => {\n+app.post('/api/logout', async (req, res) => {\n     try {\n         await forwardRequest('/api/logout', 'POST');\n         res.sendStatus(200);\n     } catch (error) {\n@@ -100,9 +100,9 @@\n     }\n });\n \n // Route to handle claim profile submission\n-app.post('/api/desi/send', async (req, res) => {\n+app.post('/api/send', async (req, res) => {\n     try {\n         const result = await forwardRequest('/api/send', 'POST', req.body);\n         res.json(result);\n     } catch (error) {\n@@ -110,38 +110,17 @@\n     }\n });\n \n // Route to handle leaderboard submission\n-app.post('/api/desi/leaderboard', async (req, res) => {\n+app.post('/api/leaderboard', async (req, res) => {\n     try {\n         const result = await forwardRequest('/api/leaderboard', 'POST', req.body);\n         res.json(result);\n     } catch (error) {\n         res.status(500).send('Error submitting leaderboard entry');\n     }\n });\n \n-// Route to request OTP\n-app.get('/desi/request_otp', async (req, res) => {\n-    const { email } = req.query;\n-    try {\n-        const response = await axios.get(`http://178.63.115.237:4505/request-desi-otp?email=${email}`);\n-        res.json({ success: true, message: response.data.message });\n-    } catch (error) {\n-        res.status(500).json({ success: false, error: 'Error forwarding request' });\n-    }\n-});\n \n-// Route to check OTP\n-app.get('/desi/check_otp', async (req, res) => {\n-    const { email, otp } = req.query;\n-    try {\n-        // No database operation for OTP\n-        res.json({ success: false }); // Assume OTP checking is not available\n-    } catch (error) {\n-        res.status(500).json({ success: false, error: 'Internal Server Error' });\n-    }\n-});\n-\n app.listen(port, () => {\n     console.log(`Server running at http://localhost:${port}`);\n });\n"
                },
                {
                    "date": 1722423887200,
                    "content": "Index: \n===================================================================\n--- \n+++ \n@@ -40,9 +40,9 @@\n     }\n };\n \n // Route to start Discord login\n-app.post('/login', async (req, res) => {\n+app.get('/login', async (req, res) => {\n     try {\n         const result = await forwardRequest('/discord/login', 'POST', req.body);\n         res.redirect(result);\n     } catch (error) {\n"
                },
                {
                    "date": 1722424083146,
                    "content": "Index: \n===================================================================\n--- \n+++ \n@@ -1,8 +1,7 @@\n const express = require('express');\n const session = require('express-session');\n const axios = require('axios');\n-const querystring = require('querystring');\n const cors = require('cors');\n require('dotenv').config();\n \n const app = express();\n@@ -25,9 +24,9 @@\n // Forward request to the other server\n const forwardRequest = async (url, method, data) => {\n     try {\n         const response = await axios({\n-            url: `https://api.coneiz.com${url}`,\n+            url: `${process.env.API_CONEIZ_URL}${url}`,\n             method: method,\n             data: data,\n             headers: {\n                 'Content-Type': 'application/json'\n@@ -42,9 +41,12 @@\n \n // Route to start Discord login\n app.get('/login', async (req, res) => {\n     try {\n-        const result = await forwardRequest('/discord/login', 'POST', req.body);\n+        const result = await forwardRequest('/discord/login', 'POST', {\n+            client_id: process.env.CLIENT_ID,\n+            redirect_uri: process.env.REDIRECT_URI\n+        });\n         res.redirect(result);\n     } catch (error) {\n         res.status(500).send('Error during Discord login');\n     }\n@@ -52,9 +54,16 @@\n \n // Route to handle Discord callback and complete authentication\n app.get('/callback', async (req, res) => {\n     try {\n-        const result = await forwardRequest('/discord/callback', 'GET', req.query);\n+        const result = await forwardRequest('/discord/callback', 'GET', {\n+            code: req.query.code,\n+            client_id: process.env.CLIENT_ID,\n+            client_secret: process.env.CLIENT_SECRET,\n+            redirect_uri: process.env.REDIRECT_URI,\n+            bot_token: process.env.BOT_TOKEN,\n+            website_url: req.query.website_url\n+        });\n         res.redirect(result);\n     } catch (error) {\n         res.status(500).send('Error during authentication');\n     }\n@@ -119,8 +128,7 @@\n         res.status(500).send('Error submitting leaderboard entry');\n     }\n });\n \n-\n app.listen(port, () => {\n     console.log(`Server running at http://localhost:${port}`);\n });\n"
                },
                {
                    "date": 1722424132373,
                    "content": "Index: \n===================================================================\n--- \n+++ \n@@ -71,9 +71,9 @@\n \n // Route to check if user is logged in\n app.get('/api/session', async (req, res) => {\n     try {\n-        const result = await forwardRequest('/api/session', 'GET');\n+        const result = await forwardRequest('/api/discord/session', 'GET');\n         res.json(result);\n     } catch (error) {\n         res.status(500).send('Error checking session');\n     }\n@@ -81,9 +81,9 @@\n \n // Route to fetch all users\n app.get('/api/users', async (req, res) => {\n     try {\n-        const result = await forwardRequest('/api/users', 'GET');\n+        const result = await forwardRequest('/api/desi/users', 'GET');\n         res.json(result);\n     } catch (error) {\n         res.status(500).send('Error fetching users');\n     }\n@@ -91,9 +91,9 @@\n \n // Route to fetch a user by their Discord ID\n app.get('/api/user', async (req, res) => {\n     try {\n-        const result = await forwardRequest(`/api/user?id=${req.query.id}`, 'GET');\n+        const result = await forwardRequest(`/api/desi/user?id=${req.query.id}`, 'GET');\n         res.json(result);\n     } catch (error) {\n         res.status(500).send('Error fetching user');\n     }\n"
                },
                {
                    "date": 1722424144687,
                    "content": "Index: \n===================================================================\n--- \n+++ \n@@ -101,9 +101,9 @@\n \n // Route to handle logout\n app.post('/api/logout', async (req, res) => {\n     try {\n-        await forwardRequest('/api/logout', 'POST');\n+        await forwardRequest('/api/discord/logout', 'POST');\n         res.sendStatus(200);\n     } catch (error) {\n         res.status(500).send('Error logging out');\n     }\n"
                },
                {
                    "date": 1722424152333,
                    "content": "Index: \n===================================================================\n--- \n+++ \n@@ -111,9 +111,9 @@\n \n // Route to handle claim profile submission\n app.post('/api/send', async (req, res) => {\n     try {\n-        const result = await forwardRequest('/api/send', 'POST', req.body);\n+        const result = await forwardRequest('/api/desi/send', 'POST', req.body);\n         res.json(result);\n     } catch (error) {\n         res.status(500).send('Error sending claim profile');\n     }\n@@ -121,9 +121,9 @@\n \n // Route to handle leaderboard submission\n app.post('/api/leaderboard', async (req, res) => {\n     try {\n-        const result = await forwardRequest('/api/leaderboard', 'POST', req.body);\n+        const result = await forwardRequest('/api/desi/leaderboard', 'POST', req.body);\n         res.json(result);\n     } catch (error) {\n         res.status(500).send('Error submitting leaderboard entry');\n     }\n"
                },
                {
                    "date": 1722424470774,
                    "content": "Index: \n===================================================================\n--- \n+++ \n@@ -38,38 +38,49 @@\n         throw error;\n     }\n };\n \n-// Route to start Discord login\n app.get('/login', async (req, res) => {\n     try {\n         const result = await forwardRequest('/discord/login', 'POST', {\n             client_id: process.env.CLIENT_ID,\n             redirect_uri: process.env.REDIRECT_URI\n         });\n-        res.redirect(result);\n+        \n+        if (typeof result === 'string' && result.startsWith('http')) {\n+            // Redirect to the URL\n+            res.redirect(result);\n+        } else {\n+            // Handle non-URL responses\n+            res.status(500).send('Unexpected response from login endpoint');\n+        }\n     } catch (error) {\n         res.status(500).send('Error during Discord login');\n     }\n });\n \n-// Route to handle Discord callback and complete authentication\n app.get('/callback', async (req, res) => {\n     try {\n         const result = await forwardRequest('/discord/callback', 'GET', {\n             code: req.query.code,\n             client_id: process.env.CLIENT_ID,\n             client_secret: process.env.CLIENT_SECRET,\n-            redirect_uri: process.env.REDIRECT_URI,\n-            bot_token: process.env.BOT_TOKEN,\n-            website_url: req.query.website_url\n+            redirect_uri: process.env.REDIRECT_URI\n         });\n-        res.redirect(result);\n+        \n+        if (typeof result === 'string' && result.startsWith('http')) {\n+            // Redirect to the URL\n+            res.redirect(result);\n+        } else {\n+            // Handle non-URL responses\n+            res.status(500).send('Unexpected response from callback endpoint');\n+        }\n     } catch (error) {\n         res.status(500).send('Error during authentication');\n     }\n });\n \n+\n // Route to check if user is logged in\n app.get('/api/session', async (req, res) => {\n     try {\n         const result = await forwardRequest('/api/discord/session', 'GET');\n"
                },
                {
                    "date": 1722424507254,
                    "content": "Index: \n===================================================================\n--- \n+++ \n@@ -38,9 +38,9 @@\n         throw error;\n     }\n };\n \n-app.get('/login', async (req, res) => {\n+app.post('/login', async (req, res) => {\n     try {\n         const result = await forwardRequest('/discord/login', 'POST', {\n             client_id: process.env.CLIENT_ID,\n             redirect_uri: process.env.REDIRECT_URI\n"
                },
                {
                    "date": 1722424564679,
                    "content": "Index: \n===================================================================\n--- \n+++ \n@@ -38,27 +38,20 @@\n         throw error;\n     }\n };\n \n-app.post('/login', async (req, res) => {\n-    try {\n-        const result = await forwardRequest('/discord/login', 'POST', {\n-            client_id: process.env.CLIENT_ID,\n-            redirect_uri: process.env.REDIRECT_URI\n-        });\n-        \n-        if (typeof result === 'string' && result.startsWith('http')) {\n-            // Redirect to the URL\n-            res.redirect(result);\n-        } else {\n-            // Handle non-URL responses\n-            res.status(500).send('Unexpected response from login endpoint');\n-        }\n-    } catch (error) {\n-        res.status(500).send('Error during Discord login');\n+app.post('/login', (req, res) => {\n+    const { client_id, redirect_uri } = req.body;\n+\n+    if (!client_id || !redirect_uri) {\n+        return res.status(400).send('Client ID and Redirect URI are required');\n     }\n+\n+    const discordAuthUrl = `https://discord.com/api/oauth2/authorize?client_id=${client_id}&redirect_uri=${encodeURIComponent(redirect_uri)}&response_type=code&scope=identify%20email%20guilds.join`;\n+    res.redirect(discordAuthUrl);\n });\n \n+\n app.get('/callback', async (req, res) => {\n     try {\n         const result = await forwardRequest('/discord/callback', 'GET', {\n             code: req.query.code,\n"
                },
                {
                    "date": 1722424624999,
                    "content": "Index: \n===================================================================\n--- \n+++ \n@@ -39,9 +39,9 @@\n     }\n };\n \n app.post('/login', (req, res) => {\n-    const { client_id, redirect_uri } = req.body;\n+    let client_id = process.env.client_id\n \n     if (!client_id || !redirect_uri) {\n         return res.status(400).send('Client ID and Redirect URI are required');\n     }\n"
                },
                {
                    "date": 1722424639393,
                    "content": "Index: \n===================================================================\n--- \n+++ \n@@ -40,8 +40,9 @@\n };\n \n app.post('/login', (req, res) => {\n     let client_id = process.env.client_id\n+    let redirect_uri = process.env.redirect_uri\n \n     if (!client_id || !redirect_uri) {\n         return res.status(400).send('Client ID and Redirect URI are required');\n     }\n"
                },
                {
                    "date": 1722424657467,
                    "content": "Index: \n===================================================================\n--- \n+++ \n@@ -38,9 +38,9 @@\n         throw error;\n     }\n };\n \n-app.post('/login', (req, res) => {\n+app.get('/login', (req, res) => {\n     let client_id = process.env.client_id\n     let redirect_uri = process.env.redirect_uri\n \n     if (!client_id || !redirect_uri) {\n"
                },
                {
                    "date": 1722424698188,
                    "content": "Index: \n===================================================================\n--- \n+++ \n@@ -39,10 +39,10 @@\n     }\n };\n \n app.get('/login', (req, res) => {\n-    let client_id = process.env.client_id\n-    let redirect_uri = process.env.redirect_uri\n+    let client_id = process.env.CLIENT_ID\n+    let redirect_uri = process.env.REDIRECT_URI\n \n     if (!client_id || !redirect_uri) {\n         return res.status(400).send('Client ID and Redirect URI are required');\n     }\n"
                },
                {
                    "date": 1722424834090,
                    "content": "Index: \n===================================================================\n--- \n+++ \n@@ -38,21 +38,27 @@\n         throw error;\n     }\n };\n \n-app.get('/login', (req, res) => {\n-    let client_id = process.env.CLIENT_ID\n-    let redirect_uri = process.env.REDIRECT_URI\n-\n-    if (!client_id || !redirect_uri) {\n-        return res.status(400).send('Client ID and Redirect URI are required');\n+app.post('/login', async (req, res) => {\n+    try {\n+        const result = await forwardRequest('/discord/login', 'POST', {\n+            client_id: process.env.CLIENT_ID,\n+            redirect_uri: process.env.REDIRECT_URI\n+        });\n+        \n+        if (typeof result === 'string' && result.startsWith('http')) {\n+            // Redirect to the URL\n+            res.redirect(result);\n+        } else {\n+            // Handle non-URL responses\n+            res.status(500).send('Unexpected response from login endpoint');\n+        }\n+    } catch (error) {\n+        res.status(500).send('Error during Discord login');\n     }\n-\n-    const discordAuthUrl = `https://discord.com/api/oauth2/authorize?client_id=${client_id}&redirect_uri=${encodeURIComponent(redirect_uri)}&response_type=code&scope=identify%20email%20guilds.join`;\n-    res.redirect(discordAuthUrl);\n });\n \n-\n app.get('/callback', async (req, res) => {\n     try {\n         const result = await forwardRequest('/discord/callback', 'GET', {\n             code: req.query.code,\n"
                },
                {
                    "date": 1722424862563,
                    "content": "Index: \n===================================================================\n--- \n+++ \n@@ -38,9 +38,9 @@\n         throw error;\n     }\n };\n \n-app.post('/login', async (req, res) => {\n+app.get('/login', async (req, res) => {\n     try {\n         const result = await forwardRequest('/discord/login', 'POST', {\n             client_id: process.env.CLIENT_ID,\n             redirect_uri: process.env.REDIRECT_URI\n"
                },
                {
                    "date": 1722424911093,
                    "content": "Index: \n===================================================================\n--- \n+++ \n@@ -40,9 +40,9 @@\n };\n \n app.get('/login', async (req, res) => {\n     try {\n-        const result = await forwardRequest('/discord/login', 'POST', {\n+        const result = await forwardRequest('/discord/login', 'GET', {\n             client_id: process.env.CLIENT_ID,\n             redirect_uri: process.env.REDIRECT_URI\n         });\n         \n"
                },
                {
                    "date": 1722425781909,
                    "content": "Index: \n===================================================================\n--- \n+++ \n@@ -1,13 +1,31 @@\n const express = require('express');\n const session = require('express-session');\n const axios = require('axios');\n const cors = require('cors');\n+const querystring = require('querystring');\n+const mongoose = require('mongoose');\n require('dotenv').config();\n \n const app = express();\n const port = 5124;\n \n+// MongoDB setup\n+mongoose.connect(process.env.MONGODB_URI, {\n+    useNewUrlParser: true,\n+    useUnifiedTopology: true\n+});\n+const UserSchema = new mongoose.Schema({\n+    discordId: String,\n+    username: String,\n+    discriminator: String,\n+    email: String,\n+    avatar: String,\n+    global_name: String,\n+    joined: Date\n+});\n+const User = mongoose.model('User', UserSchema);\n+\n // Middleware setup\n app.use(cors());\n app.use(express.static('views'));\n app.use(express.json());\n@@ -21,13 +39,14 @@\n     cookie: { secure: false, sameSite: 'lax' }\n }));\n \n // Forward request to the other server\n-const forwardRequest = async (url, method, data) => {\n+const forwardRequest = async (url, method, params = {}, data = {}) => {\n     try {\n         const response = await axios({\n             url: `${process.env.API_CONEIZ_URL}${url}`,\n             method: method,\n+            params: params,\n             data: data,\n             headers: {\n                 'Content-Type': 'application/json'\n             }\n@@ -38,104 +57,149 @@\n         throw error;\n     }\n };\n \n-app.get('/login', async (req, res) => {\n-    try {\n-        const result = await forwardRequest('/discord/login', 'GET', {\n-            client_id: process.env.CLIENT_ID,\n-            redirect_uri: process.env.REDIRECT_URI\n-        });\n-        \n-        if (typeof result === 'string' && result.startsWith('http')) {\n-            // Redirect to the URL\n-            res.redirect(result);\n-        } else {\n-            // Handle non-URL responses\n-            res.status(500).send('Unexpected response from login endpoint');\n-        }\n-    } catch (error) {\n-        res.status(500).send('Error during Discord login');\n+// Route to initiate Discord login\n+app.get('/discord/login', (req, res) => {\n+    const { client_id, redirect_uri } = req.query;\n+\n+    if (!client_id || !redirect_uri) {\n+        return res.status(400).send('Client ID and Redirect URI are required');\n     }\n+\n+    const discordAuthUrl = `https://discord.com/api/oauth2/authorize?client_id=${client_id}&redirect_uri=${encodeURIComponent(redirect_uri)}&response_type=code&scope=identify%20email%20guilds.join`;\n+    res.redirect(discordAuthUrl);\n });\n \n-app.get('/callback', async (req, res) => {\n+// Route to handle Discord callback and complete authentication\n+app.get('/discord/callback', async (req, res) => {\n+    const { code, bot_token, website_url } = req.query;\n+    const { client_id, client_secret } = req.query;\n+\n+    if (!code || !bot_token || !website_url || !client_id || !client_secret) {\n+        return res.status(400).send('Missing required parameters');\n+    }\n+\n     try {\n-        const result = await forwardRequest('/discord/callback', 'GET', {\n-            code: req.query.code,\n-            client_id: process.env.CLIENT_ID,\n-            client_secret: process.env.CLIENT_SECRET,\n-            redirect_uri: process.env.REDIRECT_URI\n+        const tokenResponse = await axios.post(\n+            'https://discord.com/api/oauth2/token',\n+            querystring.stringify({\n+                client_id: client_id,\n+                client_secret: client_secret,\n+                grant_type: 'authorization_code',\n+                code: code,\n+                redirect_uri: process.env.REDIRECT_URI,\n+            }),\n+            {\n+                headers: {\n+                    'Content-Type': 'application/x-www-form-urlencoded',\n+                },\n+            }\n+        );\n+\n+        const { access_token } = tokenResponse.data;\n+        const userResponse = await axios.get('https://discord.com/api/users/@me', {\n+            headers: {\n+                Authorization: `Bearer ${access_token}`,\n+            },\n         });\n-        \n-        if (typeof result === 'string' && result.startsWith('http')) {\n-            // Redirect to the URL\n-            res.redirect(result);\n-        } else {\n-            // Handle non-URL responses\n-            res.status(500).send('Unexpected response from callback endpoint');\n+\n+        const { id, username, discriminator, email, avatar, global_name } = userResponse.data;\n+\n+        let user = await User.findOne({ discordId: id });\n+        if (!user) {\n+            user = new User({ discordId: id, username, discriminator, email, avatar, global_name, joined: new Date() });\n+            await user.save();\n         }\n+\n+        // Join the user to the server\n+        await axios.put(\n+            `https://discord.com/api/guilds/${process.env.GUILD_ID}/members/${id}`,\n+            {\n+                access_token: access_token,\n+            },\n+            {\n+                headers: {\n+                    'Authorization': `Bot ${bot_token}`,\n+                    'Content-Type': 'application/json'\n+                }\n+            }\n+        );\n+\n+        // Set session\n+        req.session.user = {\n+            id: user.discordId,\n+            global_name: user.global_name,\n+            avatar: user.avatar,\n+            joined: user.joined,\n+            email: user.email,\n+        };\n+\n+        res.redirect(website_url);\n     } catch (error) {\n+        console.error('Error fetching token or user data:', error);\n         res.status(500).send('Error during authentication');\n     }\n });\n \n-\n // Route to check if user is logged in\n-app.get('/api/session', async (req, res) => {\n-    try {\n-        const result = await forwardRequest('/api/discord/session', 'GET');\n-        res.json(result);\n-    } catch (error) {\n-        res.status(500).send('Error checking session');\n+app.get('/api/session', (req, res) => {\n+    if (req.session.user) {\n+        res.json(req.session.user);\n+    } else {\n+        res.status(401).send('Not logged in');\n     }\n });\n \n // Route to fetch all users\n app.get('/api/users', async (req, res) => {\n     try {\n-        const result = await forwardRequest('/api/desi/users', 'GET');\n-        res.json(result);\n+        const users = await User.find();\n+        res.json(users);\n     } catch (error) {\n         res.status(500).send('Error fetching users');\n     }\n });\n \n // Route to fetch a user by their Discord ID\n app.get('/api/user', async (req, res) => {\n     try {\n-        const result = await forwardRequest(`/api/desi/user?id=${req.query.id}`, 'GET');\n-        res.json(result);\n+        const user = await User.findOne({ discordId: req.query.id });\n+        if (user) {\n+            res.json(user);\n+        } else {\n+            res.status(404).send('User not found');\n+        }\n     } catch (error) {\n         res.status(500).send('Error fetching user');\n     }\n });\n \n // Route to handle logout\n-app.post('/api/logout', async (req, res) => {\n-    try {\n-        await forwardRequest('/api/discord/logout', 'POST');\n+app.post('/api/logout', (req, res) => {\n+    req.session.destroy((err) => {\n+        if (err) {\n+            return res.status(500).send('Error logging out');\n+        }\n         res.sendStatus(200);\n-    } catch (error) {\n-        res.status(500).send('Error logging out');\n-    }\n+    });\n });\n \n // Route to handle claim profile submission\n app.post('/api/send', async (req, res) => {\n     try {\n-        const result = await forwardRequest('/api/desi/send', 'POST', req.body);\n-        res.json(result);\n+        // Add your claim profile submission logic here\n+        res.sendStatus(200);\n     } catch (error) {\n         res.status(500).send('Error sending claim profile');\n     }\n });\n \n // Route to handle leaderboard submission\n app.post('/api/leaderboard', async (req, res) => {\n     try {\n-        const result = await forwardRequest('/api/desi/leaderboard', 'POST', req.body);\n-        res.json(result);\n+        // Add your leaderboard submission logic here\n+        res.sendStatus(200);\n     } catch (error) {\n         res.status(500).send('Error submitting leaderboard entry');\n     }\n });\n"
                },
                {
                    "date": 1722425793434,
                    "content": "Index: \n===================================================================\n--- \n+++ \n@@ -58,9 +58,9 @@\n     }\n };\n \n // Route to initiate Discord login\n-app.get('/discord/login', (req, res) => {\n+app.get('/login', (req, res) => {\n     const { client_id, redirect_uri } = req.query;\n \n     if (!client_id || !redirect_uri) {\n         return res.status(400).send('Client ID and Redirect URI are required');\n@@ -70,9 +70,9 @@\n     res.redirect(discordAuthUrl);\n });\n \n // Route to handle Discord callback and complete authentication\n-app.get('/discord/callback', async (req, res) => {\n+app.get('/callback', async (req, res) => {\n     const { code, bot_token, website_url } = req.query;\n     const { client_id, client_secret } = req.query;\n \n     if (!code || !bot_token || !website_url || !client_id || !client_secret) {\n"
                },
                {
                    "date": 1722425980872,
                    "content": "Index: \n===================================================================\n--- \n+++ \n@@ -59,26 +59,23 @@\n };\n \n // Route to initiate Discord login\n app.get('/login', (req, res) => {\n-    const { client_id, redirect_uri } = req.query;\n-\n-    if (!client_id || !redirect_uri) {\n-        return res.status(400).send('Client ID and Redirect URI are required');\n-    }\n-\n-    const discordAuthUrl = `https://discord.com/api/oauth2/authorize?client_id=${client_id}&redirect_uri=${encodeURIComponent(redirect_uri)}&response_type=code&scope=identify%20email%20guilds.join`;\n+    const discordAuthUrl = `https://discord.com/api/oauth2/authorize?client_id=${process.env.CLIENT_ID}&redirect_uri=${encodeURIComponent(process.env.REDIRECT_URI)}&response_type=code&scope=identify%20email%20guilds.join`;\n     res.redirect(discordAuthUrl);\n });\n \n // Route to handle Discord callback and complete authentication\n-app.get('/callback', async (req, res) => {\n-    const { code, bot_token, website_url } = req.query;\n-    const { client_id, client_secret } = req.query;\n+app.post('/discord/callback', async (req, res) => {\n+    const { code, client_id, client_secret, redirect_uri, guild_id, bot_token, website_url } = req.body;\n \n-    if (!code || !bot_token || !website_url || !client_id || !client_secret) {\n-        return res.status(400).send('Missing required parameters');\n-    }\n+    if (!code) return res.send('No code provided');\n+    if (!client_id) return res.send('No client ID provided');\n+    if (!client_secret) return res.send('No client secret provided');\n+    if (!redirect_uri) return res.send('No redirect URI provided');\n+    if (!guild_id) return res.send('No guild ID provided');\n+    if (!bot_token) return res.send('No bot token provided');\n+    if (!website_url) return res.send('No website URL provided');\n \n     try {\n         const tokenResponse = await axios.post(\n             'https://discord.com/api/oauth2/token',\n@@ -86,9 +83,9 @@\n                 client_id: client_id,\n                 client_secret: client_secret,\n                 grant_type: 'authorization_code',\n                 code: code,\n-                redirect_uri: process.env.REDIRECT_URI,\n+                redirect_uri: redirect_uri,\n             }),\n             {\n                 headers: {\n                     'Content-Type': 'application/x-www-form-urlencoded',\n@@ -112,9 +109,9 @@\n         }\n \n         // Join the user to the server\n         await axios.put(\n-            `https://discord.com/api/guilds/${process.env.GUILD_ID}/members/${id}`,\n+            `https://discord.com/api/guilds/${guild_id}/members/${id}`,\n             {\n                 access_token: access_token,\n             },\n             {\n@@ -136,9 +133,9 @@\n \n         res.redirect(website_url);\n     } catch (error) {\n         console.error('Error fetching token or user data:', error);\n-        res.status(500).send('Error during authentication');\n+        res.send('Error during authentication');\n     }\n });\n \n // Route to check if user is logged in\n"
                },
                {
                    "date": 1722426057674,
                    "content": "Index: \n===================================================================\n--- \n+++ \n@@ -1,31 +1,18 @@\n const express = require('express');\n const session = require('express-session');\n const axios = require('axios');\n-const cors = require('cors');\n const querystring = require('querystring');\n const mongoose = require('mongoose');\n+const cors = require('cors');\n require('dotenv').config();\n \n+const User = require('./models/User');\n+const Leaderboard = require('./models/Leaderboard');\n+\n const app = express();\n const port = 5124;\n \n-// MongoDB setup\n-mongoose.connect(process.env.MONGODB_URI, {\n-    useNewUrlParser: true,\n-    useUnifiedTopology: true\n-});\n-const UserSchema = new mongoose.Schema({\n-    discordId: String,\n-    username: String,\n-    discriminator: String,\n-    email: String,\n-    avatar: String,\n-    global_name: String,\n-    joined: Date\n-});\n-const User = mongoose.model('User', UserSchema);\n-\n // Middleware setup\n app.use(cors());\n app.use(express.static('views'));\n app.use(express.json());\n@@ -38,54 +25,37 @@\n     saveUninitialized: true,\n     cookie: { secure: false, sameSite: 'lax' }\n }));\n \n-// Forward request to the other server\n-const forwardRequest = async (url, method, params = {}, data = {}) => {\n-    try {\n-        const response = await axios({\n-            url: `${process.env.API_CONEIZ_URL}${url}`,\n-            method: method,\n-            params: params,\n-            data: data,\n-            headers: {\n-                'Content-Type': 'application/json'\n-            }\n-        });\n-        return response.data;\n-    } catch (error) {\n-        console.error(`Error forwarding request to ${url}:`, error);\n-        throw error;\n-    }\n-};\n+// Mongoose connection with options to prevent timeouts\n+mongoose.connect(process.env.MONGODB_URI, {\n+    useNewUrlParser: true,\n+    useUnifiedTopology: true,\n+    serverSelectionTimeoutMS: 5000\n+})\n+    .then(() => console.log('MongoDB connected'))\n+    .catch(err => console.log('MongoDB connection error:', err));\n \n-// Route to initiate Discord login\n+// Route to start Discord login\n app.get('/login', (req, res) => {\n     const discordAuthUrl = `https://discord.com/api/oauth2/authorize?client_id=${process.env.CLIENT_ID}&redirect_uri=${encodeURIComponent(process.env.REDIRECT_URI)}&response_type=code&scope=identify%20email%20guilds.join`;\n     res.redirect(discordAuthUrl);\n });\n \n // Route to handle Discord callback and complete authentication\n-app.post('/discord/callback', async (req, res) => {\n-    const { code, client_id, client_secret, redirect_uri, guild_id, bot_token, website_url } = req.body;\n-\n+app.get('/callback', async (req, res) => {\n+    const code = req.query.code;\n     if (!code) return res.send('No code provided');\n-    if (!client_id) return res.send('No client ID provided');\n-    if (!client_secret) return res.send('No client secret provided');\n-    if (!redirect_uri) return res.send('No redirect URI provided');\n-    if (!guild_id) return res.send('No guild ID provided');\n-    if (!bot_token) return res.send('No bot token provided');\n-    if (!website_url) return res.send('No website URL provided');\n \n     try {\n         const tokenResponse = await axios.post(\n             'https://discord.com/api/oauth2/token',\n             querystring.stringify({\n-                client_id: client_id,\n-                client_secret: client_secret,\n+                client_id: process.env.CLIENT_ID,\n+                client_secret: process.env.CLIENT_SECRET,\n                 grant_type: 'authorization_code',\n                 code: code,\n-                redirect_uri: redirect_uri,\n+                redirect_uri: process.env.REDIRECT_URI,\n             }),\n             {\n                 headers: {\n                     'Content-Type': 'application/x-www-form-urlencoded',\n@@ -109,15 +79,15 @@\n         }\n \n         // Join the user to the server\n         await axios.put(\n-            `https://discord.com/api/guilds/${guild_id}/members/${id}`,\n+            `https://discord.com/api/guilds/${process.env.GUILD_ID}/members/${id}`,\n             {\n                 access_token: access_token,\n             },\n             {\n                 headers: {\n-                    'Authorization': `Bot ${bot_token}`,\n+                    'Authorization': `Bot ${process.env.BOT_TOKEN}`,\n                     'Content-Type': 'application/json'\n                 }\n             }\n         );\n@@ -130,21 +100,31 @@\n             joined: user.joined,\n             email: user.email,\n         };\n \n-        res.redirect(website_url);\n+        res.redirect('http://localhost:5173');\n     } catch (error) {\n         console.error('Error fetching token or user data:', error);\n         res.send('Error during authentication');\n     }\n });\n \n // Route to check if user is logged in\n-app.get('/api/session', (req, res) => {\n+app.get('/api/session', async (req, res) => {\n     if (req.session.user) {\n-        res.json(req.session.user);\n+        const user = await User.findOne({ discordId: req.session.user.id });\n+        res.json({\n+            isAuthenticated: true,\n+            user: {\n+                id: user.discordId,\n+                global_name: user.global_name,\n+                avatar: user.avatar,\n+                joined: user.joined,\n+                email: user.email,\n+            },\n+        });\n     } else {\n-        res.status(401).send('Not logged in');\n+        res.json({ isAuthenticated: false });\n     }\n });\n \n // Route to fetch all users\n@@ -152,55 +132,108 @@\n     try {\n         const users = await User.find();\n         res.json(users);\n     } catch (error) {\n+        console.error('Error fetching users:', error);\n         res.status(500).send('Error fetching users');\n     }\n });\n \n // Route to fetch a user by their Discord ID\n app.get('/api/user', async (req, res) => {\n+    const { id } = req.query;\n+    if (!id) return res.status(400).send('User ID not provided');\n+\n     try {\n-        const user = await User.findOne({ discordId: req.query.id });\n-        if (user) {\n-            res.json(user);\n-        } else {\n-            res.status(404).send('User not found');\n+        const user = await User.findOne({ discordId: id });\n+        if (!user) {\n+            return res.status(404).send('User not found');\n         }\n+        res.json(user);\n     } catch (error) {\n+        console.error('Error fetching user:', error);\n         res.status(500).send('Error fetching user');\n     }\n });\n \n // Route to handle logout\n app.post('/api/logout', (req, res) => {\n     req.session.destroy((err) => {\n         if (err) {\n+            console.error('Error destroying session:', err);\n             return res.status(500).send('Error logging out');\n         }\n+        res.clearCookie('connect.sid');\n         res.sendStatus(200);\n     });\n });\n \n // Route to handle claim profile submission\n app.post('/api/send', async (req, res) => {\n+    const { email, username, underDesi, wagered } = req.body;\n+\n+    if (!email || !username || !underDesi || !wagered) {\n+        return res.status(400).json({ message: 'All fields are required' });\n+    }\n+\n+    const webhookUrl = process.env.WEBHOOK_URL; // Add your webhook URL here\n+\n+    const embed = {\n+        embeds: [\n+            {\n+                title: \"Claim Profile Submission\",\n+                color: 3447003, // Example color\n+                fields: [\n+                    { name: \"Email\", value: email, inline: true },\n+                    { name: \"Username\", value: username, inline: true },\n+                    { name: \"Under Desi\", value: underDesi ? 'Yes' : 'No', inline: true },\n+                    { name: \"Wagered\", value: wagered ? 'Yes' : 'No', inline: true }\n+                ],\n+                timestamp: new Date(),\n+            },\n+        ],\n+    };\n+\n     try {\n-        // Add your claim profile submission logic here\n-        res.sendStatus(200);\n+        await axios.post(webhookUrl, embed, {\n+            headers: {\n+                'Content-Type': 'application/json',\n+            },\n+        });\n+\n+        // Update user document to set claim = true\n+        await User.updateOne({ email: email }, { $set: { claim: true } });\n+\n+        res.status(200).json({ message: 'Claim profile submitted successfully' });\n     } catch (error) {\n-        res.status(500).send('Error sending claim profile');\n+        console.error('Error sending webhook or updating user:', error);\n+        res.status(500).json({ message: 'Error sending claim profile' });\n     }\n });\n \n // Route to handle leaderboard submission\n app.post('/api/leaderboard', async (req, res) => {\n+    const { rank, name, wagered, prize } = req.body;\n+\n+    if (!rank || !name || !wagered || !prize) {\n+        return res.status(400).json({ message: 'All fields are required' });\n+    }\n+\n     try {\n-        // Add your leaderboard submission logic here\n-        res.sendStatus(200);\n+        // Find an existing entry with the same rank and replace it with the new entry\n+        await Leaderboard.findOneAndReplace(\n+            { rank },\n+            { rank, name, wagered, prize },\n+            { upsert: true, new: true }\n+        );\n+\n+        res.status(200).json({ message: 'Leaderboard entry submitted successfully' });\n     } catch (error) {\n-        res.status(500).send('Error submitting leaderboard entry');\n+        console.error('Error submitting leaderboard entry:', error);\n+        res.status(500).json({ message: 'Error submitting leaderboard entry' });\n     }\n });\n \n+\n app.listen(port, () => {\n     console.log(`Server running at http://localhost:${port}`);\n });\n"
                },
                {
                    "date": 1722426112033,
                    "content": "Index: \n===================================================================\n--- \n+++ \n@@ -132,108 +132,55 @@\n     try {\n         const users = await User.find();\n         res.json(users);\n     } catch (error) {\n-        console.error('Error fetching users:', error);\n         res.status(500).send('Error fetching users');\n     }\n });\n \n // Route to fetch a user by their Discord ID\n app.get('/api/user', async (req, res) => {\n-    const { id } = req.query;\n-    if (!id) return res.status(400).send('User ID not provided');\n-\n     try {\n-        const user = await User.findOne({ discordId: id });\n-        if (!user) {\n-            return res.status(404).send('User not found');\n+        const user = await User.findOne({ discordId: req.query.id });\n+        if (user) {\n+            res.json(user);\n+        } else {\n+            res.status(404).send('User not found');\n         }\n-        res.json(user);\n     } catch (error) {\n-        console.error('Error fetching user:', error);\n         res.status(500).send('Error fetching user');\n     }\n });\n \n // Route to handle logout\n app.post('/api/logout', (req, res) => {\n     req.session.destroy((err) => {\n         if (err) {\n-            console.error('Error destroying session:', err);\n             return res.status(500).send('Error logging out');\n         }\n-        res.clearCookie('connect.sid');\n         res.sendStatus(200);\n     });\n });\n \n // Route to handle claim profile submission\n app.post('/api/send', async (req, res) => {\n-    const { email, username, underDesi, wagered } = req.body;\n-\n-    if (!email || !username || !underDesi || !wagered) {\n-        return res.status(400).json({ message: 'All fields are required' });\n-    }\n-\n-    const webhookUrl = process.env.WEBHOOK_URL; // Add your webhook URL here\n-\n-    const embed = {\n-        embeds: [\n-            {\n-                title: \"Claim Profile Submission\",\n-                color: 3447003, // Example color\n-                fields: [\n-                    { name: \"Email\", value: email, inline: true },\n-                    { name: \"Username\", value: username, inline: true },\n-                    { name: \"Under Desi\", value: underDesi ? 'Yes' : 'No', inline: true },\n-                    { name: \"Wagered\", value: wagered ? 'Yes' : 'No', inline: true }\n-                ],\n-                timestamp: new Date(),\n-            },\n-        ],\n-    };\n-\n     try {\n-        await axios.post(webhookUrl, embed, {\n-            headers: {\n-                'Content-Type': 'application/json',\n-            },\n-        });\n-\n-        // Update user document to set claim = true\n-        await User.updateOne({ email: email }, { $set: { claim: true } });\n-\n-        res.status(200).json({ message: 'Claim profile submitted successfully' });\n+        // Add your claim profile submission logic here\n+        res.sendStatus(200);\n     } catch (error) {\n-        console.error('Error sending webhook or updating user:', error);\n-        res.status(500).json({ message: 'Error sending claim profile' });\n+        res.status(500).send('Error sending claim profile');\n     }\n });\n \n // Route to handle leaderboard submission\n app.post('/api/leaderboard', async (req, res) => {\n-    const { rank, name, wagered, prize } = req.body;\n-\n-    if (!rank || !name || !wagered || !prize) {\n-        return res.status(400).json({ message: 'All fields are required' });\n-    }\n-\n     try {\n-        // Find an existing entry with the same rank and replace it with the new entry\n-        await Leaderboard.findOneAndReplace(\n-            { rank },\n-            { rank, name, wagered, prize },\n-            { upsert: true, new: true }\n-        );\n-\n-        res.status(200).json({ message: 'Leaderboard entry submitted successfully' });\n+        // Add your leaderboard submission logic here\n+        res.sendStatus(200);\n     } catch (error) {\n-        console.error('Error submitting leaderboard entry:', error);\n-        res.status(500).json({ message: 'Error submitting leaderboard entry' });\n+        res.status(500).send('Error submitting leaderboard entry');\n     }\n });\n \n-\n app.listen(port, () => {\n     console.log(`Server running at http://localhost:${port}`);\n });\n"
                },
                {
                    "date": 1722426176121,
                    "content": "Index: \n===================================================================\n--- \n+++ \n@@ -132,55 +132,108 @@\n     try {\n         const users = await User.find();\n         res.json(users);\n     } catch (error) {\n+        console.error('Error fetching users:', error);\n         res.status(500).send('Error fetching users');\n     }\n });\n \n // Route to fetch a user by their Discord ID\n app.get('/api/user', async (req, res) => {\n+    const { id } = req.query;\n+    if (!id) return res.status(400).send('User ID not provided');\n+\n     try {\n-        const user = await User.findOne({ discordId: req.query.id });\n-        if (user) {\n-            res.json(user);\n-        } else {\n-            res.status(404).send('User not found');\n+        const user = await User.findOne({ discordId: id });\n+        if (!user) {\n+            return res.status(404).send('User not found');\n         }\n+        res.json(user);\n     } catch (error) {\n+        console.error('Error fetching user:', error);\n         res.status(500).send('Error fetching user');\n     }\n });\n \n // Route to handle logout\n app.post('/api/logout', (req, res) => {\n     req.session.destroy((err) => {\n         if (err) {\n+            console.error('Error destroying session:', err);\n             return res.status(500).send('Error logging out');\n         }\n+        res.clearCookie('connect.sid');\n         res.sendStatus(200);\n     });\n });\n \n // Route to handle claim profile submission\n app.post('/api/send', async (req, res) => {\n+    const { email, username, underDesi, wagered } = req.body;\n+\n+    if (!email || !username || !underDesi || !wagered) {\n+        return res.status(400).json({ message: 'All fields are required' });\n+    }\n+\n+    const webhookUrl = process.env.WEBHOOK_URL; // Add your webhook URL here\n+\n+    const embed = {\n+        embeds: [\n+            {\n+                title: \"Claim Profile Submission\",\n+                color: 3447003, // Example color\n+                fields: [\n+                    { name: \"Email\", value: email, inline: true },\n+                    { name: \"Username\", value: username, inline: true },\n+                    { name: \"Under Desi\", value: underDesi ? 'Yes' : 'No', inline: true },\n+                    { name: \"Wagered\", value: wagered ? 'Yes' : 'No', inline: true }\n+                ],\n+                timestamp: new Date(),\n+            },\n+        ],\n+    };\n+\n     try {\n-        // Add your claim profile submission logic here\n-        res.sendStatus(200);\n+        await axios.post(webhookUrl, embed, {\n+            headers: {\n+                'Content-Type': 'application/json',\n+            },\n+        });\n+\n+        // Update user document to set claim = true\n+        await User.updateOne({ email: email }, { $set: { claim: true } });\n+\n+        res.status(200).json({ message: 'Claim profile submitted successfully' });\n     } catch (error) {\n-        res.status(500).send('Error sending claim profile');\n+        console.error('Error sending webhook or updating user:', error);\n+        res.status(500).json({ message: 'Error sending claim profile' });\n     }\n });\n \n // Route to handle leaderboard submission\n app.post('/api/leaderboard', async (req, res) => {\n+    const { rank, name, wagered, prize } = req.body;\n+\n+    if (!rank || !name || !wagered || !prize) {\n+        return res.status(400).json({ message: 'All fields are required' });\n+    }\n+\n     try {\n-        // Add your leaderboard submission logic here\n-        res.sendStatus(200);\n+        // Find an existing entry with the same rank and replace it with the new entry\n+        await Leaderboard.findOneAndReplace(\n+            { rank },\n+            { rank, name, wagered, prize },\n+            { upsert: true, new: true }\n+        );\n+\n+        res.status(200).json({ message: 'Leaderboard entry submitted successfully' });\n     } catch (error) {\n-        res.status(500).send('Error submitting leaderboard entry');\n+        console.error('Error submitting leaderboard entry:', error);\n+        res.status(500).json({ message: 'Error submitting leaderboard entry' });\n     }\n });\n \n+\n app.listen(port, () => {\n     console.log(`Server running at http://localhost:${port}`);\n });\n"
                },
                {
                    "date": 1722434626476,
                    "content": "Index: \n===================================================================\n--- \n+++ \n@@ -12,9 +12,9 @@\n const app = express();\n const port = 5124;\n \n // Middleware setup\n-app.use(cors());\n+app.use(cors(\"http://localhost:5173/\"));\n app.use(express.static('views'));\n app.use(express.json());\n app.use(express.urlencoded({ extended: true }));\n \n"
                },
                {
                    "date": 1722434780113,
                    "content": "Index: \n===================================================================\n--- \n+++ \n@@ -12,9 +12,9 @@\n const app = express();\n const port = 5124;\n \n // Middleware setup\n-app.use(cors(\"http://localhost:5173/\"));\n+app.use(cors({ origin: 'http://localhost:5173', credentials: true }));\n app.use(express.static('views'));\n app.use(express.json());\n app.use(express.urlencoded({ extended: true }));\n \n"
                },
                {
                    "date": 1722434915811,
                    "content": "Index: \n===================================================================\n--- \n+++ \n@@ -126,114 +126,60 @@\n         res.json({ isAuthenticated: false });\n     }\n });\n \n-// Route to fetch all users\n app.get('/api/users', async (req, res) => {\n     try {\n         const users = await User.find();\n         res.json(users);\n     } catch (error) {\n-        console.error('Error fetching users:', error);\n         res.status(500).send('Error fetching users');\n     }\n });\n \n // Route to fetch a user by their Discord ID\n app.get('/api/user', async (req, res) => {\n-    const { id } = req.query;\n-    if (!id) return res.status(400).send('User ID not provided');\n-\n     try {\n-        const user = await User.findOne({ discordId: id });\n-        if (!user) {\n-            return res.status(404).send('User not found');\n+        const user = await User.findOne({ discordId: req.query.id });\n+        if (user) {\n+            res.json(user);\n+        } else {\n+            res.status(404).send('User not found');\n         }\n-        res.json(user);\n     } catch (error) {\n-        console.error('Error fetching user:', error);\n         res.status(500).send('Error fetching user');\n     }\n });\n \n // Route to handle logout\n app.post('/api/logout', (req, res) => {\n     req.session.destroy((err) => {\n         if (err) {\n-            console.error('Error destroying session:', err);\n             return res.status(500).send('Error logging out');\n         }\n-        res.clearCookie('connect.sid');\n         res.sendStatus(200);\n     });\n });\n \n // Route to handle claim profile submission\n app.post('/api/send', async (req, res) => {\n-    const { email, username, underDesi, wagered } = req.body;\n-\n-    if (!email || !username || !underDesi || !wagered) {\n-        return res.status(400).json({ message: 'All fields are required' });\n-    }\n-\n-    const webhookUrl = process.env.WEBHOOK_URL; // Add your webhook URL here\n-\n-    const embed = {\n-        embeds: [\n-            {\n-                title: \"Claim Profile Submission\",\n-                color: 3447003, // Example color\n-                fields: [\n-                    { name: \"Email\", value: email, inline: true },\n-                    { name: \"Username\", value: username, inline: true },\n-                    { name: \"Under Desi\", value: underDesi ? 'Yes' : 'No', inline: true },\n-                    { name: \"Wagered\", value: wagered ? 'Yes' : 'No', inline: true }\n-                ],\n-                timestamp: new Date(),\n-            },\n-        ],\n-    };\n-\n     try {\n-        await axios.post(webhookUrl, embed, {\n-            headers: {\n-                'Content-Type': 'application/json',\n-            },\n-        });\n-\n-        // Update user document to set claim = true\n-        await User.updateOne({ email: email }, { $set: { claim: true } });\n-\n-        res.status(200).json({ message: 'Claim profile submitted successfully' });\n+        // Add your claim profile submission logic here\n+        res.sendStatus(200);\n     } catch (error) {\n-        console.error('Error sending webhook or updating user:', error);\n-        res.status(500).json({ message: 'Error sending claim profile' });\n+        res.status(500).send('Error sending claim profile');\n     }\n });\n \n // Route to handle leaderboard submission\n app.post('/api/leaderboard', async (req, res) => {\n-    const { rank, name, wagered, prize } = req.body;\n-\n-    if (!rank || !name || !wagered || !prize) {\n-        return res.status(400).json({ message: 'All fields are required' });\n-    }\n-\n     try {\n-        // Find an existing entry with the same rank and replace it with the new entry\n-        await Leaderboard.findOneAndReplace(\n-            { rank },\n-            { rank, name, wagered, prize },\n-            { upsert: true, new: true }\n-        );\n-\n-        res.status(200).json({ message: 'Leaderboard entry submitted successfully' });\n+        // Add your leaderboard submission logic here\n+        res.sendStatus(200);\n     } catch (error) {\n-        console.error('Error submitting leaderboard entry:', error);\n-        res.status(500).json({ message: 'Error submitting leaderboard entry' });\n+        res.status(500).send('Error submitting leaderboard entry');\n     }\n });\n \n-\n app.listen(port, () => {\n     console.log(`Server running at http://localhost:${port}`);\n });\n"
                },
                {
                    "date": 1722436299737,
                    "content": "Index: \n===================================================================\n--- \n+++ \n@@ -179,7 +179,28 @@\n         res.status(500).send('Error submitting leaderboard entry');\n     }\n });\n \n+app.get('/desi/request_otp', async (req, res) => {\n+    const { email } = req.query;\n+    try {\n+        const response = await axios.get(`http://178.63.115.237:4505/request-desi-otp?email=${email}`);\n+        res.json({ success: true, message: response.data.message });\n+    } catch (error) {\n+        res.status(500).json({ success: false, error: 'Error forwarding request' });\n+    }\n+});\n+\n+// Route to check OTP\n+app.get('/desi/check_otp', async (req, res) => {\n+    const { email, otp } = req.query;\n+    try {\n+        // No database operation for OTP\n+        res.json({ success: false }); // Assume OTP checking is not available\n+    } catch (error) {\n+        res.status(500).json({ success: false, error: 'Internal Server Error' });\n+    }\n+});\n+\n app.listen(port, () => {\n     console.log(`Server running at http://localhost:${port}`);\n });\n"
                },
                {
                    "date": 1722436346674,
                    "content": "Index: \n===================================================================\n--- \n+++ \n@@ -182,9 +182,9 @@\n \n app.get('/desi/request_otp', async (req, res) => {\n     const { email } = req.query;\n     try {\n-        const response = await axios.get(`http://178.63.115.237:4505/request-desi-otp?email=${email}`);\n+        const response = await axios.get(`https://api.coneiz.com/request-desi-otp?email=${email}`);\n         res.json({ success: true, message: response.data.message });\n     } catch (error) {\n         res.status(500).json({ success: false, error: 'Error forwarding request' });\n     }\n"
                },
                {
                    "date": 1722436407242,
                    "content": "Index: \n===================================================================\n--- \n+++ \n@@ -189,8 +189,18 @@\n         res.status(500).json({ success: false, error: 'Error forwarding request' });\n     }\n });\n \n+app.get('/desi/check_otp', async (req, res) => {\n+    const { email, otp } = req.query;\n+    try {\n+        const response = await axios.get(`https://api.coneiz.com/request-desi-otp?email=${email}`);\n+        res.json({ success: true, message: response.data.message });\n+    } catch (error) {\n+        res.status(500).json({ success: false, error: 'Error forwarding request' });\n+    }\n+});\n+\n // Route to check OTP\n app.get('/desi/check_otp', async (req, res) => {\n     const { email, otp } = req.query;\n     try {\n"
                },
                {
                    "date": 1722436418771,
                    "content": "Index: \n===================================================================\n--- \n+++ \n@@ -192,9 +192,9 @@\n \n app.get('/desi/check_otp', async (req, res) => {\n     const { email, otp } = req.query;\n     try {\n-        const response = await axios.get(`https://api.coneiz.com/request-desi-otp?email=${email}`);\n+        const response = await axios.get(`https://api.coneiz.com/check_otp?email=${email}`);\n         res.json({ success: true, message: response.data.message });\n     } catch (error) {\n         res.status(500).json({ success: false, error: 'Error forwarding request' });\n     }\n"
                },
                {
                    "date": 1722436441591,
                    "content": "Index: \n===================================================================\n--- \n+++ \n@@ -182,9 +182,9 @@\n \n app.get('/desi/request_otp', async (req, res) => {\n     const { email } = req.query;\n     try {\n-        const response = await axios.get(`https://api.coneiz.com/request-desi-otp?email=${email}`);\n+        const response = await axios.get(`https://api.coneiz.com/request_otp?email=${email}`);\n         res.json({ success: true, message: response.data.message });\n     } catch (error) {\n         res.status(500).json({ success: false, error: 'Error forwarding request' });\n     }\n@@ -192,25 +192,14 @@\n \n app.get('/desi/check_otp', async (req, res) => {\n     const { email, otp } = req.query;\n     try {\n-        const response = await axios.get(`https://api.coneiz.com/check_otp?email=${email}`);\n+        const response = await axios.get(`https://api.coneiz.com/check_otp?email=${email}&otp=${otp}`);\n         res.json({ success: true, message: response.data.message });\n     } catch (error) {\n         res.status(500).json({ success: false, error: 'Error forwarding request' });\n     }\n });\n \n-// Route to check OTP\n-app.get('/desi/check_otp', async (req, res) => {\n-    const { email, otp } = req.query;\n-    try {\n-        // No database operation for OTP\n-        res.json({ success: false }); // Assume OTP checking is not available\n-    } catch (error) {\n-        res.status(500).json({ success: false, error: 'Internal Server Error' });\n-    }\n-});\n-\n app.listen(port, () => {\n     console.log(`Server running at http://localhost:${port}`);\n });\n"
                },
                {
                    "date": 1722436571457,
                    "content": "Index: \n===================================================================\n--- \n+++ \n@@ -182,9 +182,9 @@\n \n app.get('/desi/request_otp', async (req, res) => {\n     const { email } = req.query;\n     try {\n-        const response = await axios.get(`https://api.coneiz.com/request_otp?email=${email}`);\n+        const response = await axios.get(`https://api.coneiz.com/desi/request_otp?email=${email}`);\n         res.json({ success: true, message: response.data.message });\n     } catch (error) {\n         res.status(500).json({ success: false, error: 'Error forwarding request' });\n     }\n@@ -192,9 +192,9 @@\n \n app.get('/desi/check_otp', async (req, res) => {\n     const { email, otp } = req.query;\n     try {\n-        const response = await axios.get(`https://api.coneiz.com/check_otp?email=${email}&otp=${otp}`);\n+        const response = await axios.get(`https://api.coneiz.com/desi/check_otp?email=${email}&otp=${otp}`);\n         res.json({ success: true, message: response.data.message });\n     } catch (error) {\n         res.status(500).json({ success: false, error: 'Error forwarding request' });\n     }\n"
                },
                {
                    "date": 1722441590506,
                    "content": "Index: \n===================================================================\n--- \n+++ \n@@ -4,11 +4,9 @@\n const querystring = require('querystring');\n const mongoose = require('mongoose');\n const cors = require('cors');\n require('dotenv').config();\n-\n const User = require('./models/User');\n-const Leaderboard = require('./models/Leaderboard');\n \n const app = express();\n const port = 5124;\n \n"
                },
                {
                    "date": 1722442609487,
                    "content": "Index: \n===================================================================\n--- \n+++ \n@@ -23,14 +23,32 @@\n     saveUninitialized: true,\n     cookie: { secure: false, sameSite: 'lax' }\n }));\n \n-// Mongoose connection with options to prevent timeouts\n-mongoose.connect(process.env.MONGODB_URI, {\n-    useNewUrlParser: true,\n-    useUnifiedTopology: true,\n-    serverSelectionTimeoutMS: 5000\n-})\n+// Function to get MongoDB URI from external API\n+const getMongoDBUri = async () => {\n+    try {\n+        const response = await axios.post('https://api.coneiz.com/get-mongodb-uri', {\n+            // Include any additional headers or payload if needed\n+        });\n+        return response.data.mongodbUri;\n+    } catch (error) {\n+        console.error('Error fetching MongoDB URI:', error);\n+        throw new Error('Error fetching MongoDB URI');\n+    }\n+};\n+\n+// Connect to MongoDB using URI fetched from the external API\n+const connectToMongoDB = async () => {\n+    const mongodbUri = await getMongoDBUri();\n+    return mongoose.connect(mongodbUri, {\n+        useNewUrlParser: true,\n+        useUnifiedTopology: true,\n+        serverSelectionTimeoutMS: 5000\n+    });\n+};\n+\n+connectToMongoDB()\n     .then(() => console.log('MongoDB connected'))\n     .catch(err => console.log('MongoDB connection error:', err));\n \n // Route to start Discord login\n"
                },
                {
                    "date": 1722442658448,
                    "content": "Index: \n===================================================================\n--- \n+++ \n@@ -26,9 +26,9 @@\n \n // Function to get MongoDB URI from external API\n const getMongoDBUri = async () => {\n     try {\n-        const response = await axios.post('https://api.coneiz.com/get-mongodb-uri', {\n+        const response = await axios.post('https://api.coneiz.com/api/get-mongodb-uri', {\n             // Include any additional headers or payload if needed\n         });\n         return response.data.mongodbUri;\n     } catch (error) {\n"
                },
                {
                    "date": 1722442763273,
                    "content": "Index: \n===================================================================\n--- \n+++ \n@@ -26,9 +26,9 @@\n \n // Function to get MongoDB URI from external API\n const getMongoDBUri = async () => {\n     try {\n-        const response = await axios.post('https://api.coneiz.com/api/get-mongodb-uri', {\n+        const response = await axios.post('https://api.coneiz.com/api/get-mongodb-uri?login='+''2721juash33y47324hk@&6342398458745892:\":46783467432'', {\n             // Include any additional headers or payload if needed\n         });\n         return response.data.mongodbUri;\n     } catch (error) {\n"
                },
                {
                    "date": 1722442801361,
                    "content": "Index: \n===================================================================\n--- \n+++ \n@@ -26,9 +26,9 @@\n \n // Function to get MongoDB URI from external API\n const getMongoDBUri = async () => {\n     try {\n-        const response = await axios.post('https://api.coneiz.com/api/get-mongodb-uri?login='+''2721juash33y47324hk@&6342398458745892:\":46783467432'', {\n+        const response = await axios.post('https://api.coneiz.com/api/get-mongodb-uri?login='+'`2721juash33y47324hk634239845874589246783467432`', {\n             // Include any additional headers or payload if needed\n         });\n         return response.data.mongodbUri;\n     } catch (error) {\n"
                },
                {
                    "date": 1722442868790,
                    "content": "Index: \n===================================================================\n--- \n+++ \n@@ -26,9 +26,9 @@\n \n // Function to get MongoDB URI from external API\n const getMongoDBUri = async () => {\n     try {\n-        const response = await axios.post('https://api.coneiz.com/api/get-mongodb-uri?login='+'`2721juash33y47324hk634239845874589246783467432`', {\n+        const response = await axios.post('https://api.coneiz.com/api/get-mongodb-uri', {\n             // Include any additional headers or payload if needed\n         });\n         return response.data.mongodbUri;\n     } catch (error) {\n"
                },
                {
                    "date": 1722442897143,
                    "content": "Index: \n===================================================================\n--- \n+++ \n@@ -27,9 +27,8 @@\n // Function to get MongoDB URI from external API\n const getMongoDBUri = async () => {\n     try {\n         const response = await axios.post('https://api.coneiz.com/api/get-mongodb-uri', {\n-            // Include any additional headers or payload if needed\n         });\n         return response.data.mongodbUri;\n     } catch (error) {\n         console.error('Error fetching MongoDB URI:', error);\n"
                }
            ],
            "date": 1722159659570,
            "name": "Commit-0",
            "content": "const express = require('express');\nconst session = require('express-session');\nconst axios = require('axios');\nconst querystring = require('querystring');\nconst mongoose = require('mongoose');\nconst cors = require('cors');\nrequire('dotenv').config();\n\nconst User = require('./models/User');\n\nconst app = express();\nconst port = 5124;\n\n// Middleware setup\napp.use(cors({ origin: 'http://localhost:5173', credentials: true }));\napp.use(express.static('views'));\napp.use(express.json());\napp.use(express.urlencoded({ extended: true }));\n\n// Session setup\napp.use(session({\n    secret: process.env.SESSION_SECRET || 'your-secret-key',\n    resave: false,\n    saveUninitialized: true,\n    cookie: { secure: false, sameSite: 'lax' }\n}));\n\n// Mongoose connection with options to prevent timeouts\nmongoose.connect(process.env.MONGODB_URI, {\n    useNewUrlParser: true,\n    useUnifiedTopology: true,\n    serverSelectionTimeoutMS: 5000\n})\n    .then(() => console.log('MongoDB connected'))\n    .catch(err => console.log('MongoDB connection error:', err));\n\n// Route to start Discord login\napp.get('/login', (req, res) => {\n    const discordAuthUrl = `https://discord.com/api/oauth2/authorize?client_id=${process.env.CLIENT_ID}&redirect_uri=${encodeURIComponent(process.env.REDIRECT_URI)}&response_type=code&scope=identify%20email%20guilds.join`;\n    res.redirect(discordAuthUrl);\n});\n\n// Route to handle Discord callback and complete authentication\napp.get('/callback', async (req, res) => {\n    const code = req.query.code;\n    if (!code) return res.send('No code provided');\n\n    try {\n        const tokenResponse = await axios.post(\n            'https://discord.com/api/oauth2/token',\n            querystring.stringify({\n                client_id: process.env.CLIENT_ID,\n                client_secret: process.env.CLIENT_SECRET,\n                grant_type: 'authorization_code',\n                code: code,\n                redirect_uri: process.env.REDIRECT_URI,\n            }),\n            {\n                headers: {\n                    'Content-Type': 'application/x-www-form-urlencoded',\n                },\n            }\n        );\n\n        const { access_token } = tokenResponse.data;\n        const userResponse = await axios.get('https://discord.com/api/users/@me', {\n            headers: {\n                Authorization: `Bearer ${access_token}`,\n            },\n        });\n\n        const { id, username, discriminator, email, avatar, global_name } = userResponse.data;\n\n        let user = await User.findOne({ discordId: id });\n        if (!user) {\n            user = new User({ discordId: id, username, discriminator, email, avatar, global_name, joined: new Date() });\n            await user.save();\n        }\n\n        // Join the user to the server\n        await axios.put(\n            `https://discord.com/api/guilds/${process.env.GUILD_ID}/members/${id}`,\n            {\n                access_token: access_token,\n            },\n            {\n                headers: {\n                    'Authorization': `Bot ${process.env.BOT_TOKEN}`,\n                    'Content-Type': 'application/json'\n                }\n            }\n        );\n\n        // Set session\n        req.session.user = {\n            id: user.discordId,\n            global_name: user.global_name,\n            avatar: user.avatar,\n            joined: user.joined,\n            email: user.email,\n        };\n\n        res.redirect('http://localhost:5173');\n    } catch (error) {\n        console.error('Error fetching token or user data:', error);\n        res.send('Error during authentication');\n    }\n});\n\n// Route to check if user is logged in\napp.get('/api/session', async (req, res) => {\n    if (req.session.user) {\n        const user = await User.findOne({ discordId: req.session.user.id });\n        res.json({\n            isAuthenticated: true,\n            user: {\n                id: user.discordId,\n                global_name: user.global_name,\n                avatar: user.avatar,\n                joined: user.joined,\n                email: user.email,\n            },\n        });\n    } else {\n        res.json({ isAuthenticated: false });\n    }\n});\n\n// Route to fetch all users\napp.get('/api/users', async (req, res) => {\n    try {\n        const users = await User.find();\n        res.json(users);\n    } catch (error) {\n        console.error('Error fetching users:', error);\n        res.status(500).send('Error fetching users');\n    }\n});\n\n// Route to fetch a user by their Discord ID\napp.get('/api/user', async (req, res) => {\n    const { id } = req.query;\n    if (!id) return res.status(400).send('User ID not provided');\n\n    try {\n        const user = await User.findOne({ discordId: id });\n        if (!user) {\n            return res.status(404).send('User not found');\n        }\n        res.json(user);\n    } catch (error) {\n        console.error('Error fetching user:', error);\n        res.status(500).send('Error fetching user');\n    }\n});\n\n// Route to handle logout\napp.post('/api/logout', (req, res) => {\n    req.session.destroy((err) => {\n        if (err) {\n            console.error('Error destroying session:', err);\n            return res.status(500).send('Error logging out');\n        }\n        res.clearCookie('connect.sid');\n        res.sendStatus(200);\n    });\n});\n\n// Route to handle claim profile submission\napp.post('/api/send', async (req, res) => {\n    const { email, username, underDesi, wagered } = req.body;\n\n    if (!email || !username || !underDesi || !wagered) {\n        return res.status(400).json({ message: 'All fields are required' });\n    }\n\n    const webhookUrl = process.env.WEBHOOK_URL; // Add your webhook URL here\n\n    const embed = {\n        embeds: [\n            {\n                title: \"Claim Profile Submission\",\n                color: 3447003, // Example color\n                fields: [\n                    { name: \"Email\", value: email, inline: true },\n                    { name: \"Username\", value: username, inline: true },\n                    { name: \"Under Desi\", value: underDesi ? 'Yes' : 'No', inline: true },\n                    { name: \"Wagered\", value: wagered ? 'Yes' : 'No', inline: true }\n                ],\n                timestamp: new Date(),\n            },\n        ],\n    };\n\n    try {\n        await axios.post(webhookUrl, embed, {\n            headers: {\n                'Content-Type': 'application/json',\n            },\n        });\n\n        // Update user document to set claim = true\n        await User.updateOne({ email: email }, { $set: { claim: true } });\n\n        res.status(200).json({ message: 'Claim profile submitted successfully' });\n    } catch (error) {\n        console.error('Error sending webhook or updating user:', error);\n        res.status(500).json({ message: 'Error sending claim profile' });\n    }\n});\n\napp.listen(port, () => {\n    console.log(`Server running at http://localhost:${port}`);\n});\n"
        }
    ]
}