{
    "sourceFile": "src/components/.env",
    "activeCommit": 0,
    "commits": [
        {
            "activePatchIndex": 1,
            "patches": [
                {
                    "date": 1722425127940,
                    "content": "Index: \n===================================================================\n--- \n+++ \n"
                },
                {
                    "date": 1722425172396,
                    "content": "Index: \n===================================================================\n--- \n+++ \n@@ -1,7 +1,7 @@\n-CLIENT_ID=1073961734399856671\n+REACT_APP_DISCORD_CLIENT_ID=1073961734399856671\n CLIENT_SECRET=avtSAFsh_vEDQI--eDubBEGPo9cxHrpU\n-REDIRECT_URI=http://localhost:5124/callback\n+REACT_APP_REDIRECT_URI=http://localhost:5124/callback\n MONGODB_URI=mongodb+srv://kartik:1234@meow.3mnqvqy.mongodb.net/chachu?retryWrites=true&w=majority\n GUILD_ID=\"1049217470097002507\"\n BOT_TOKEN=MTA3Mzk2MTczNDM5OTg1NjY3MQ.GNOROX.qOUEDzGb2L3ha8S18siAtBAEByPgpNTbDTPh5o\n WEBHOOK_URL=https://discord.com/api/webhooks/1228671097738887208/vTOlmwr3HPNtq260fHbbXd9YiU9A-fH2_xSehlFEEcUoe-XsoDOnfO1orKGKoPvYMBA6\n"
                }
            ],
            "date": 1722425127940,
            "name": "Commit-0",
            "content": "CLIENT_ID=1073961734399856671\nCLIENT_SECRET=avtSAFsh_vEDQI--eDubBEGPo9cxHrpU\nREDIRECT_URI=http://localhost:5124/callback\nMONGODB_URI=mongodb+srv://kartik:1234@meow.3mnqvqy.mongodb.net/chachu?retryWrites=true&w=majority\nGUILD_ID=\"1049217470097002507\"\nBOT_TOKEN=MTA3Mzk2MTczNDM5OTg1NjY3MQ.GNOROX.qOUEDzGb2L3ha8S18siAtBAEByPgpNTbDTPh5o\nWEBHOOK_URL=https://discord.com/api/webhooks/1228671097738887208/vTOlmwr3HPNtq260fHbbXd9YiU9A-fH2_xSehlFEEcUoe-XsoDOnfO1orKGKoPvYMBA6\nAPI_CONEIZ_URL=https://api.coneiz.com/"
        }
    ]
}