{
    "sourceFile": "src/components/Billing.jsx",
    "activeCommit": 0,
    "commits": [
        {
            "activePatchIndex": 6,
            "patches": [
                {
                    "date": 1722440595529,
                    "content": "Index: \n===================================================================\n--- \n+++ \n"
                },
                {
                    "date": 1722440696192,
                    "content": "Index: \n===================================================================\n--- \n+++ \n@@ -19,9 +19,9 @@\n     <section\n       id=\"product\"\n       className=\"relative w-full\"\n       style={{\n-        backgroundImage: './vip.svg',\n+        backgroundImage: './vip_rewards_background.svg',\n         backgroundSize: 'cover',\n         backgroundPosition: 'center',\n         height: '100vh', // Ensures the section takes the full viewport height\n       }}\n"
                },
                {
                    "date": 1722440727505,
                    "content": "Index: \n===================================================================\n--- \n+++ \n@@ -19,9 +19,9 @@\n     <section\n       id=\"product\"\n       className=\"relative w-full\"\n       style={{\n-        backgroundImage: './vip_rewards_background.svg',\n+        backgroundImage: 'url(./vip_rewards_background.svg)',\n         backgroundSize: 'cover',\n         backgroundPosition: 'center',\n         height: '100vh', // Ensures the section takes the full viewport height\n       }}\n"
                },
                {
                    "date": 1722440775791,
                    "content": "Index: \n===================================================================\n--- \n+++ \n@@ -19,9 +19,9 @@\n     <section\n       id=\"product\"\n       className=\"relative w-full\"\n       style={{\n-        backgroundImage: 'url(./vip_rewards_background.svg)',\n+        backgroundImage: 'url(/vip_rewards_background.svg)',\n         backgroundSize: 'cover',\n         backgroundPosition: 'center',\n         height: '100vh', // Ensures the section takes the full viewport height\n       }}\n"
                },
                {
                    "date": 1722440899920,
                    "content": "Index: \n===================================================================\n--- \n+++ \n@@ -1,9 +1,9 @@\n import React from 'react';\n import styles from '../style';\n import ContentCopyIcon from '@mui/icons-material/ContentCopy';\n import { stake } from '../assets';\n-import {logo} from '../assets'\n+import {logo, vip} from '../assets'\n \n \n const Billing = () => {\n   const handleJoinNowClick = () => {\n"
                },
                {
                    "date": 1722440911161,
                    "content": "Index: \n===================================================================\n--- \n+++ \n@@ -19,9 +19,9 @@\n     <section\n       id=\"product\"\n       className=\"relative w-full\"\n       style={{\n-        backgroundImage: 'url(/vip_rewards_background.svg)',\n+        backgroundImage: {vip},\n         backgroundSize: 'cover',\n         backgroundPosition: 'center',\n         height: '100vh', // Ensures the section takes the full viewport height\n       }}\n"
                },
                {
                    "date": 1722441021970,
                    "content": "Index: \n===================================================================\n--- \n+++ \n@@ -19,9 +19,9 @@\n     <section\n       id=\"product\"\n       className=\"relative w-full\"\n       style={{\n-        backgroundImage: {vip},\n+        backgroundImage: `url(${vip})`,\n         backgroundSize: 'cover',\n         backgroundPosition: 'center',\n         height: '100vh', // Ensures the section takes the full viewport height\n       }}\n"
                }
            ],
            "date": 1722440595529,
            "name": "Commit-0",
            "content": "import React from 'react';\nimport styles from '../style';\nimport ContentCopyIcon from '@mui/icons-material/ContentCopy';\nimport { stake } from '../assets';\nimport {logo} from '../assets'\n\n\nconst Billing = () => {\n  const handleJoinNowClick = () => {\n    window.open('https://stake.com/?c=Stratig', '_blank');\n  };\n\n  const handleCodeClick = () => {\n    navigator.clipboard.writeText('desi2023');\n    alert('Code copied to clipboard: desi2023');\n  };\n\n  return (\n    <section\n      id=\"product\"\n      className=\"relative w-full\"\n      style={{\n        backgroundImage: './vip.svg',\n        backgroundSize: 'cover',\n        backgroundPosition: 'center',\n        height: '100vh', // Ensures the section takes the full viewport height\n      }}\n    >\n      <div className=\"absolute top-1/4 left-1/2 transform -translate-x-1/2 flex items-center space-x-4 justify-center\">\n        <img\n          src={logo}\n          alt=\"logo\"  \n          className=\"w-[133px] h-[82px] object-contain\"\n        />\n        <h1 className=\"text-white text-4xl font-bold\">x ‎ </h1> \n        <img\n          src={stake}\n          alt=\"stake\"\n          className=\"w-[133px] h-[82px] object-contain\"\n        />\n      </div>\n\n      <div\n        className=\"absolute inset-0 flex flex-col items-center justify-center\"\n        style={{ zIndex: 1 }}\n      >\n        <div className=\"text-center mt-16\"> {/* Add margin-top to push the text down */}\n          <br></br>\n          <span\n            style={{\n              backgroundImage:\n                'linear-gradient(317deg, #b58a1b 4.52%, #e0c060 34.37%, #ffeeb2 50.47%, #ffe77c 65.63%, #ffca41 110.56%)',\n              WebkitBackgroundClip: 'text',\n              WebkitTextFillColor: 'transparent',\n              fontSize: '3rem',\n              fontWeight: 'bold',\n              textTransform: 'uppercase',\n              display: 'inline-block',\n            }}\n          >\n            VIP\n          </span>\n          <span\n            style={{\n              color: 'white',\n              fontSize: '3rem',\n              fontWeight: 'bold',\n              textTransform: 'uppercase',\n              display: 'inline-block',\n              marginLeft: '10px',\n            }}\n          >\n            REWARDS\n          </span>\n          <p className={`${styles.paragraph} max-w-[500px] mt-5`}>\n            Unlock VIP Rewards on Stake by supporting our code “\n            <span\n              style={{\n                backgroundImage:\n                  'linear-gradient(317deg, #b58a1b 4.52%, #e0c060 34.37%, #ffeeb2 50.47%, #ffe77c 65.63%, #ffca41 110.56%)',\n                WebkitBackgroundClip: 'text',\n                WebkitTextFillColor: 'transparent',\n              }}\n            >\n              desi2023\n            </span>\n            ” and take part in our{' '}\n            <span\n              style={{\n                backgroundImage:\n                  'linear-gradient(317deg, #b58a1b 4.52%, #e0c060 34.37%, #ffeeb2 50.47%, #ffe77c 65.63%, #ffca41 110.56%)',\n                WebkitBackgroundClip: 'text',\n                WebkitTextFillColor: 'transparent',\n              }}\n            >\n              $5,000\n            </span>{' '}\n            Leaderboard!\n          </p>\n        </div>\n        <div className=\"flex mt-10 space-x-5\">\n          <button\n            onClick={handleJoinNowClick}\n            style={{\n              backgroundImage:\n                'linear-gradient(0deg, rgba(0, 0, 0, .32), rgba(0, 0, 0, .32)), linear-gradient(100deg, #ffc651 -73.62%, #956506 29.64%, #ffc641 98.48%, #775410 132.9%, #ffc850 270.58%), hsla(0, 0%, 100%, .05)',\n              color: 'white',\n              padding: '10px 20px',\n              borderRadius: '50px',\n              fontWeight: 'bold',\n              cursor: 'pointer',\n              border: 'none',\n              textTransform: 'uppercase',\n            }}\n          >\n            JOIN NOW\n          </button>\n          <button\n            onClick={handleCodeClick}\n            style={{\n              background: 'transparent',\n              color: 'white',\n              padding: '10px 20px',\n              borderRadius: '50px',\n              fontWeight: 'bold',\n              cursor: 'pointer',\n              border: '2px solid white',\n              textTransform: 'uppercase',\n              display: 'flex',\n              alignItems: 'center',\n            }}\n          >\n            CODE: desi2023\n            <ContentCopyIcon style={{ marginLeft: '8px' }} />\n          </button>\n        </div>\n      </div>\n    </section>\n  );\n};\n\nexport default Billing;\n"
        }
    ]
}