{
    "sourceFile": "src/components/Business.jsx",
    "activeCommit": 0,
    "commits": [
        {
            "activePatchIndex": 1,
            "patches": [
                {
                    "date": 1722594901209,
                    "content": "Index: \n===================================================================\n--- \n+++ \n"
                },
                {
                    "date": 1722594941437,
                    "content": "Index: \n===================================================================\n--- \n+++ \n@@ -28,9 +28,9 @@\n     <section id='features' className={layout.section}>\n       <div className={layout.sectionInfo}>\n         <h2 className={styles.heading2}>Who are we?</h2>\n         <p className={`${styles.paragraph} max-w-[470px] mt-5`}>\n-        DesiGamblers is not your typical gambler—he's a fearless maverick renowned for his audacious moves in the world of gambling. Known for his electrifying presence and expertise, Desi Gambler frequently shares invaluable tips and insights with his loyal followers. He also hosts thrilling giveaways that keep the excitement alive. Join us today and become part of our vibrant community, where adventure and rewards await at every turn!\n+        DesiGamblers is not your typical gamblers—he's a fearless maverick renowned for his audacious moves in the world of gambling. Known for his electrifying presence and expertise, DesiGamblers frequently shares invaluable tips and insights with his loyal followers. He also hosts thrilling giveaways that keep the excitement alive. Join us today and become part of our vibrant community, where adventure and rewards await at every turn!\n \n         </p>\n       <a href=\"https://stake.com/?c=Stratig\" target=\"_blank\">  <Button styles='mt-10'/> </a>\n       </div>\n"
                }
            ],
            "date": 1722594901209,
            "name": "Commit-0",
            "content": "import React from 'react'\nimport { features } from '../constants'\nimport styles, { layout } from '../style'\nimport Button from './Button'\n\nconst FeatureCard = ({ icon, title, content, index }) => (\n  <div className={`flex flex-row p-6 rounded-[20px] ${index !== features.length - 1 ? 'mb-6' : 'mb-0'} feature-card`}>\n    <div className={`w-[64px] h-[64px] rounded-full ${styles.flexCenter} bg-dimBlue`}>\n      <img\n        src={icon}\n        alt='icon'\n        className='w-[50%] h-[50%] object-contain'\n      />\n    </div>\n    <div className='flex-1 flex flex-col ml-3'>\n      <h4 className='font-poppins font-semibold text-white text-[18px] leading-[23px] mb-1'>\n        {title}\n      </h4>\n      <p className='font-poppins font-normal text-dimWhite text-[16px] leading-[24px]'>\n        {content}\n      </p>\n    </div>\n  </div>\n)\n\nconst Business = () => {\n  return (\n    <section id='features' className={layout.section}>\n      <div className={layout.sectionInfo}>\n        <h2 className={styles.heading2}>Who are we?</h2>\n        <p className={`${styles.paragraph} max-w-[470px] mt-5`}>\n        DesiGamblers is not your typical gambler—he's a fearless maverick renowned for his audacious moves in the world of gambling. Known for his electrifying presence and expertise, Desi Gambler frequently shares invaluable tips and insights with his loyal followers. He also hosts thrilling giveaways that keep the excitement alive. Join us today and become part of our vibrant community, where adventure and rewards await at every turn!\n\n        </p>\n      <a href=\"https://stake.com/?c=Stratig\" target=\"_blank\">  <Button styles='mt-10'/> </a>\n      </div>\n      <div className={`${layout.sectionImg} flex-col`}>\n        {features.map((feature, index) => (\n          <FeatureCard key={feature.id} {...feature} index={index}/>\n        ))}\n      </div>\n    </section>\n  )\n}\n\nexport default Business\n"
        }
    ]
}