{
    "sourceFile": "src/components/CardDeal.jsx",
    "activeCommit": 0,
    "commits": [
        {
            "activePatchIndex": 4,
            "patches": [
                {
                    "date": 1722435572820,
                    "content": "Index: \n===================================================================\n--- \n+++ \n"
                },
                {
                    "date": 1722435620501,
                    "content": "Index: \n===================================================================\n--- \n+++ \n@@ -67,9 +67,9 @@\n   \n   useEffect(() => {\n     const fetchLeaderboardData = async () => {\n       try {\n-        const response = await axios.get('https://api.coneiz.com/api/desi/leaderboard');\n+        const response = await axios.get('http://localhost:5124/api/leaderboard');\n         setLeaderboardData(response.data);\n         setLoading(false);\n       } catch (error) {\n         console.error('Error fetching leaderboard data:', error);\n"
                },
                {
                    "date": 1722435892306,
                    "content": "Index: \n===================================================================\n--- \n+++ \n@@ -67,9 +67,9 @@\n   \n   useEffect(() => {\n     const fetchLeaderboardData = async () => {\n       try {\n-        const response = await axios.get('http://localhost:5124/api/leaderboard');\n+        const response = await axios.get('https://api.coneiz.com/api/desi/leaderboard');\n         setLeaderboardData(response.data);\n         setLoading(false);\n       } catch (error) {\n         console.error('Error fetching leaderboard data:', error);\n"
                },
                {
                    "date": 1722436816803,
                    "content": "Index: \n===================================================================\n--- \n+++ \n@@ -119,11 +119,11 @@\n               </Box>\n             </Box>\n             <Box style={{ display: 'flex', alignItems: 'center' }}>\n               <ListItemAvatar>\n-                <StyledAvatar alt={winner.username} src={winner.avatar} />\n+                <StyledAvatar alt={winner.name} src={winner.avatar} />\n               </ListItemAvatar>\n-              <ListItemText primary={winner.username} style={{ color: 'white' }} />\n+              <ListItemText primary={winner.name} style={{ color: 'white' }} />\n             </Box>\n             <Typography variant=\"body1\" style={{ color: 'white', textAlign: 'center' }}>${winner.wagered}</Typography>\n             <Typography variant=\"body1\" style={{ color: 'white', textAlign: 'center' }}>${winner.prize}</Typography>\n           </StyledBox>\n"
                },
                {
                    "date": 1722436960272,
                    "content": "Index: \n===================================================================\n--- \n+++ \n@@ -2,8 +2,9 @@\n import { List, ListItemAvatar, ListItemText, Avatar, Typography, Paper, Box, CircularProgress, Button } from '@mui/material';\n import { styled } from '@mui/system';\n import EmojiEventsIcon from '@mui/icons-material/EmojiEvents';\n import axios from 'axios';\n+import logo from '../assets/logo.png'; // Ensure the correct path to the logo file\n \n const StyledList = styled(List)({\n   borderColor: 'transparent',\n });\n@@ -119,9 +120,9 @@\n               </Box>\n             </Box>\n             <Box style={{ display: 'flex', alignItems: 'center' }}>\n               <ListItemAvatar>\n-                <StyledAvatar alt={winner.name} src={winner.avatar} />\n+                <StyledAvatar alt={winner.name} src={logo} />\n               </ListItemAvatar>\n               <ListItemText primary={winner.name} style={{ color: 'white' }} />\n             </Box>\n             <Typography variant=\"body1\" style={{ color: 'white', textAlign: 'center' }}>${winner.wagered}</Typography>\n"
                }
            ],
            "date": 1722435572820,
            "name": "Commit-0",
            "content": "import React, { useState, useEffect } from 'react';\nimport { List, ListItemAvatar, ListItemText, Avatar, Typography, Paper, Box, CircularProgress, Button } from '@mui/material';\nimport { styled } from '@mui/system';\nimport EmojiEventsIcon from '@mui/icons-material/EmojiEvents';\nimport axios from 'axios';\n\nconst StyledList = styled(List)({\n  borderColor: 'transparent',\n});\n\nconst StyledBox = styled(Box)(({ theme }) => ({\n  borderRadius: '25px',\n  padding: '10px 0',\n  marginBottom: '10px',\n  border: '10px solid',\n  borderColor: 'transparent',\n  display: 'grid',\n  gridTemplateColumns: '50px 1fr 1fr 1fr',\n  gap: '10px',\n  alignItems: 'center',\n  transition: 'transform 0.3s, box-shadow 0.3s',\n  '&:hover': {\n    transform: 'scale(1.02)',\n    boxShadow: `0 4px 8px rgba(0, 0, 0, 0.3)`,\n    filter: 'brightness(1.2)',\n  },\n}));\n\nconst StyledAvatar = styled(Avatar)({\n  width: 40,\n  height: 40,\n});\n\nconst ColumnHeaders = styled(Box)({\n  display: 'grid',\n  gridTemplateColumns: '40px 1fr 1fr 1fr',\n  gap: '10px',\n  padding: '10px 0',\n  borderBottom: '1px solid rgba(51, 51, 51, 0.8)',\n  marginBottom: '10px',\n});\n\nconst GradientText = styled(Typography)({\n  background: 'linear-gradient(135deg, #6e8efb 0%, #a777e3 100%)',\n  WebkitBackgroundClip: 'text',\n  WebkitTextFillColor: 'transparent',\n  textTransform: 'uppercase',\n});\n\nconst getLoaderColor = (rank) => {\n  switch (rank) {\n    case 1:\n      return '#fdd835'; // Gold\n    case 2:\n      return '#616161'; // Silver\n    case 3:\n      return '#8d6e63'; // Bronze\n    default:\n      return 'white';\n  }\n};\n\nconst Leaderboard = () => {\n  const [leaderboardData, setLeaderboardData] = useState([]);\n  const [showAll, setShowAll] = useState(false);\n  const [loading, setLoading] = useState(true);\n  \n  useEffect(() => {\n    const fetchLeaderboardData = async () => {\n      try {\n        const response = await axios.get('https://api.coneiz.com/api/desi/leaderboard');\n        setLeaderboardData(response.data);\n        setLoading(false);\n      } catch (error) {\n        console.error('Error fetching leaderboard data:', error);\n        setLoading(false);\n      }\n    };\n\n    fetchLeaderboardData();\n  }, []);\n  \n  const handleToggleClick = () => {\n    setShowAll(prevShowAll => !prevShowAll);\n  };\n\n  if (loading) {\n    return <CircularProgress />;\n  }\n\n  return (\n    <Paper style={{ backgroundColor: 'transparent', padding: '20px', borderRadius: '10px', maxWidth: '1200px', margin: '0 auto' }}>\n      <GradientText variant=\"h5\" style={{ textAlign: 'center', marginBottom: '20px' }}>\n        Monthly Leaderboard\n      </GradientText>\n      <ColumnHeaders>\n        <Box display=\"flex\" alignItems=\"center\">\n          <EmojiEventsIcon style={{ color: 'white', marginRight: '8px' }} />\n          <Typography variant=\"body1\" style={{ color: 'white', textAlign: 'center' }}>\n            Rank\n          </Typography>\n        </Box>\n        <Typography variant=\"body1\" style={{ color: 'white', textAlign: 'center' }}>User</Typography>\n        <Typography variant=\"body1\" style={{ color: 'white', textAlign: 'center' }}>Wagered</Typography>\n        <Typography variant=\"body1\" style={{ color: 'white', textAlign: 'center' }}>Prize</Typography>\n      </ColumnHeaders>\n      <StyledList>\n        {leaderboardData.slice(0, showAll ? leaderboardData.length : 3).map((winner, index) => (\n          <StyledBox key={index}>\n            <Box position=\"relative\" display=\"flex\" alignItems=\"center\" justifyContent=\"center\">\n              <CircularProgress \n                style={{ color: getLoaderColor(winner.rank) }}\n                disableShrink\n              />\n              <Box position=\"absolute\">\n                <Typography variant=\"body1\" style={{ color: 'white', textAlign: 'center' }}>\n                  {winner.rank}\n                </Typography>\n              </Box>\n            </Box>\n            <Box style={{ display: 'flex', alignItems: 'center' }}>\n              <ListItemAvatar>\n                <StyledAvatar alt={winner.username} src={winner.avatar} />\n              </ListItemAvatar>\n              <ListItemText primary={winner.username} style={{ color: 'white' }} />\n            </Box>\n            <Typography variant=\"body1\" style={{ color: 'white', textAlign: 'center' }}>${winner.wagered}</Typography>\n            <Typography variant=\"body1\" style={{ color: 'white', textAlign: 'center' }}>${winner.prize}</Typography>\n          </StyledBox>\n        ))}\n      </StyledList>\n      <Box display=\"flex\" justifyContent=\"center\" mt={2}>\n        <Button variant=\"outlined\" onClick={handleToggleClick}>\n          {showAll ? 'SHOW LESS' : 'SHOW MORE'}\n        </Button>\n      </Box>\n    </Paper>\n  );\n};\n\nexport default Leaderboard;\n"
        }
    ]
}