{
    "sourceFile": "src/components/Footer.jsx",
    "activeCommit": 0,
    "commits": [
        {
            "activePatchIndex": 0,
            "patches": [
                {
                    "date": 1722437011622,
                    "content": "Index: \n===================================================================\n--- \n+++ \n"
                }
            ],
            "date": 1722437011622,
            "name": "Commit-0",
            "content": "import React from 'react'\nimport styles from '../style'\nimport { logo, gambleaware, ager, desigamblers } from '../assets'\nimport { footerLinks, socialMedia } from '../constants'\n\nconst Footer = () => {\n  return (\n    <section className={`${styles.flexCenter} ${styles.paddingY} flex-col`}>\n      <div className={`${styles.flexStart} md:flex-row flex-col mb-8 w-full`}>\n        <div className='flex-1 flex flex-col justify-start mr-10'>\n          <img\n            src={logo}\n            alt='logo'\n            className='w-[100px] h-[100px] object-contain'\n          />\n          <div className='flex flex-row items-center mt-4'>\n            <img\n              src={gambleaware} \n              alt='gambleaware'\n              className='w-[133px] h-[82px] object-contain'\n            />\n            <img \n              width=\"50\" \n              height=\"50\" \n              src=\"https://img.icons8.com/ios/50/FA5252/18-plus.png\" \n              alt=\"18-plus\"\n              className='ml-4'\n            />\n          </div>\n          <p className={`${styles.paragraph} mt-4 w-full text-left border p-4 text-[10px]`}>\n            WE DO NOT TAKE RESPONSIBILITY FOR ANY LOSSES OR WINS FROM GAMBLING IN CASINOS AND BETTING SITES WHICH ARE LINKED OR PROMOTED ON OUR WEBSITE(S). AS A PLAYER, YOU ARE RESPONSIBLE FOR YOUR BETS.\n          </p>\n        </div>\n      </div>\n      <div className='w-full flex justify-between items-center md:flex-row flex-col pt-6 border-t-[1px] border-t-[#3F3E45]'>\n        <p className='font-poppins font-normal text-center text-[18px] leading-[27px] text-white'>\n          © 2024 Desigamblers. All Rights Reserved.\n        </p>  \n        <div className=\"flex flex-row md:mt-0 mt-6\">\n  <a href=\"https://coneiz.com/\" target=\"_blank\" rel=\"noopener noreferrer\">\n    <h1 style={{ fontFamily: 'Days One, sans-serif', color: 'white' }}>Made by Coneiz</h1>\n  </a>\n</div>\n\n      </div>\n    </section>\n  )\n}\n\nexport default Footer\n"
        }
    ]
}