{
    "sourceFile": "src/components/hero2.jsx",
    "activeCommit": 0,
    "commits": [
        {
            "activePatchIndex": 0,
            "patches": [
                {
                    "date": 1722594845814,
                    "content": "Index: \n===================================================================\n--- \n+++ \n"
                }
            ],
            "date": 1722594845814,
            "name": "Commit-0",
            "content": "import React from 'react';\nimport styles from '../style';\nimport backgroundImg from './backgorund.png'; // Replace with your actual background image path\n\nconst Hero = ({ onDiscordLogin }) => {\n  const heroStyle = {\n    backgroundImage: `url(${backgroundImg})`,\n    backgroundSize: 'cover',\n    backgroundPosition: 'center',\n    backgroundRepeat: 'no-repeat',\n    minHeight: '400px', // Adjust as needed\n    display: 'flex',\n    alignItems: 'center',\n    justifyContent: 'center',\n    color: '#000000', // Text color on top of the background image\n    padding: '80px 20px', // Adjust padding as needed\n    textAlign: 'center', // Center text horizontally\n  };\n\n  return (\n    <section id='home' style={heroStyle}>\n      <div className={`flex md:flex-row flex-col ${styles.paddingY} text-center`}>\n        <div className={`flex-1 ${styles.flexStart} flex-col xl:px-0 sm:px-16 px-6`}>\n          <div className='flex flex-col justify-center items-center w-full'>\n            <h2 className='text-[24px] font-semibold mb-4'>WELCOME TO</h2>\n            <h1 className='font-poppins font-semibold ss:text-[72px] text-[52px] ss:leading-[100.8px] leading-[75px]'>\n            Desi<span className='text-gradient'>Gamblers</span>.\n            </h1>\n          </div>\n          <p className={`${styles.paragraph} max-w-[470px] mt-5 mx-auto`}>\n            Explore the realm of VIP Rewards from DesiGamblers!\n          </p>\n          <p className={`${styles.paragraph} max-w-[5000px] mt-5 mx-auto`}>\n            Compete in Leaderboards, try your luck in Exclusive Raffles, join Giveaways & more!\n          </p>\n          <div className=\"flex flex-col items-center mt-5\">\n          <label className=\"flex items-center mb-4\">\n              <span className=\"text-white\">By logging :- I confirm I'm over 18 years old and that I have read and agree to the Terms and Conditions</span>\n            </label>\n            <button\n              onClick={onDiscordLogin}\n              className='px-6 py-3 rounded-full font-poppins font-semibold text-white uppercase'\n              style={{\n                backgroundImage: 'linear-gradient(317deg, #5865F2, #404EED)', // Replace with your actual gradient\n              }}\n            >\n              Login with Discord\n            </button>\n          </div>\n        </div>\n      </div>\n    </section>\n  );\n};\n\nexport default Hero;\n"
        }
    ]
}