{
    "sourceFile": "src/components/Hero.jsx",
    "activeCommit": 0,
    "commits": [
        {
            "activePatchIndex": 9,
            "patches": [
                {
                    "date": 1722595283195,
                    "content": "Index: \n===================================================================\n--- \n+++ \n"
                },
                {
                    "date": 1722595298680,
                    "content": "Index: \n===================================================================\n--- \n+++ \n@@ -1,7 +1,7 @@\n import React from 'react';\n import styles from '../style';\n-import backgroundImg from './background.png'; // Replace with your actual background image path\n+import backgroundImg from './backgorund.png'; // Replace with your actual background image path\n \n const Hero = () => {\n   const heroStyle = {\n     backgroundImage: `url(${backgroundImg})`,\n"
                },
                {
                    "date": 1722595340286,
                    "content": "Index: \n===================================================================\n--- \n+++ \n@@ -37,9 +37,9 @@\n           <p className={`${styles.paragraph} max-w-[5000px] mt-5 mx-auto`}>\n             Compete in Leaderboards, try your luck in Exclusive Raffles, join Giveaways & more!\n           </p>\n           <button \n-            className='rounded-full mt-8 bg-blue-500 text-white py-2 px-6' \n+            className='rounded-full mt-8 bg-blue-500 text-white py-2 px-6 mx-auto' \n             onClick={handleProofClick}\n           >\n             Proof\n           </button>\n"
                },
                {
                    "date": 1722595349436,
                    "content": "Index: \n===================================================================\n--- \n+++ \n@@ -37,9 +37,9 @@\n           <p className={`${styles.paragraph} max-w-[5000px] mt-5 mx-auto`}>\n             Compete in Leaderboards, try your luck in Exclusive Raffles, join Giveaways & more!\n           </p>\n           <button \n-            className='rounded-full mt-8 bg-blue-500 text-white py-2 px-6 mx-auto' \n+            className='rounded-full mt-5 bg-blue-500 text-white py-2 px-6 mx-auto' \n             onClick={handleProofClick}\n           >\n             Proof\n           </button>\n"
                },
                {
                    "date": 1722595374360,
                    "content": "Index: \n===================================================================\n--- \n+++ \n@@ -37,9 +37,9 @@\n           <p className={`${styles.paragraph} max-w-[5000px] mt-5 mx-auto`}>\n             Compete in Leaderboards, try your luck in Exclusive Raffles, join Giveaways & more!\n           </p>\n           <button \n-            className='rounded-full mt-5 bg-blue-500 text-white py-2 px-6 mx-auto' \n+            className='rounded-full mt-8 bg-blue-500 text-white py-2 px-8 mx-auto' \n             onClick={handleProofClick}\n           >\n             Proof\n           </button>\n"
                },
                {
                    "date": 1722595380986,
                    "content": "Index: \n===================================================================\n--- \n+++ \n@@ -37,9 +37,9 @@\n           <p className={`${styles.paragraph} max-w-[5000px] mt-5 mx-auto`}>\n             Compete in Leaderboards, try your luck in Exclusive Raffles, join Giveaways & more!\n           </p>\n           <button \n-            className='rounded-full mt-8 bg-blue-500 text-white py-2 px-8 mx-auto' \n+            className='rounded-full mt-8 bg-blue-500 text-white py-2 px-20 mx-auto' \n             onClick={handleProofClick}\n           >\n             Proof\n           </button>\n"
                },
                {
                    "date": 1722595389735,
                    "content": "Index: \n===================================================================\n--- \n+++ \n@@ -37,9 +37,9 @@\n           <p className={`${styles.paragraph} max-w-[5000px] mt-5 mx-auto`}>\n             Compete in Leaderboards, try your luck in Exclusive Raffles, join Giveaways & more!\n           </p>\n           <button \n-            className='rounded-full mt-8 bg-blue-500 text-white py-2 px-20 mx-auto' \n+            className='rounded-full mt-8 bg-blue-500 text-white py-5 px-20 mx-auto' \n             onClick={handleProofClick}\n           >\n             Proof\n           </button>\n"
                },
                {
                    "date": 1722595402816,
                    "content": "Index: \n===================================================================\n--- \n+++ \n@@ -37,9 +37,9 @@\n           <p className={`${styles.paragraph} max-w-[5000px] mt-5 mx-auto`}>\n             Compete in Leaderboards, try your luck in Exclusive Raffles, join Giveaways & more!\n           </p>\n           <button \n-            className='rounded-full mt-8 bg-blue-500 text-white py-5 px-20 mx-auto' \n+            className='rounded-full mt-8 bg-blue-500 text-white py-3 px-9 mx-auto' \n             onClick={handleProofClick}\n           >\n             Proof\n           </button>\n"
                },
                {
                    "date": 1722595848926,
                    "content": "Index: \n===================================================================\n--- \n+++ \n@@ -1,7 +1,7 @@\n import React from 'react';\n import styles from '../style';\n-import backgroundImg from './backgorund.png'; // Replace with your actual background image path\n+import backgroundImg from './background.png'; // Replace with your actual background image path\n \n const Hero = () => {\n   const heroStyle = {\n     backgroundImage: `url(${backgroundImg})`,\n@@ -17,9 +17,9 @@\n     textAlign: 'center', // Center text horizontally\n   };\n \n   const handleProofClick = () => {\n-    window.location.href = '/proofs';\n+    window.location.href = '/proof';\n   };\n \n   return (\n     <section id='home' style={heroStyle}>\n@@ -37,9 +37,9 @@\n           <p className={`${styles.paragraph} max-w-[5000px] mt-5 mx-auto`}>\n             Compete in Leaderboards, try your luck in Exclusive Raffles, join Giveaways & more!\n           </p>\n           <button \n-            className='rounded-full mt-8 bg-blue-500 text-white py-3 px-9 mx-auto' \n+            className='rounded-full mt-8 bg-blue-500 text-white py-2 px-6' \n             onClick={handleProofClick}\n           >\n             Proof\n           </button>\n"
                },
                {
                    "date": 1722595859080,
                    "content": "Index: \n===================================================================\n--- \n+++ \n@@ -1,7 +1,7 @@\n import React from 'react';\n import styles from '../style';\n-import backgroundImg from './background.png'; // Replace with your actual background image path\n+import backgroundImg from './backgorund.png'; // Replace with your actual background image path\n \n const Hero = () => {\n   const heroStyle = {\n     backgroundImage: `url(${backgroundImg})`,\n"
                }
            ],
            "date": 1722595283195,
            "name": "Commit-0",
            "content": "import React from 'react';\nimport styles from '../style';\nimport backgroundImg from './background.png'; // Replace with your actual background image path\n\nconst Hero = () => {\n  const heroStyle = {\n    backgroundImage: `url(${backgroundImg})`,\n    backgroundSize: 'cover',\n    backgroundPosition: 'center',\n    backgroundRepeat: 'no-repeat',\n    minHeight: '400px', // Adjust as needed\n    display: 'flex',\n    alignItems: 'center',\n    justifyContent: 'center',\n    color: '#ffffff', // Text color on top of the background image\n    padding: '80px 20px', // Adjust padding as needed\n    textAlign: 'center', // Center text horizontally\n  };\n\n  const handleProofClick = () => {\n    window.location.href = '/proofs';\n  };\n\n  return (\n    <section id='home' style={heroStyle}>\n      <div className={`flex md:flex-row flex-col ${styles.paddingY} text-center`}>\n        <div className={`flex-1 ${styles.flexStart} flex-col xl:px-0 sm:px-16 px-6`}>\n          <div className='flex flex-col justify-center items-center w-full'>\n            <h2 className='text-[24px] font-semibold mb-4'>WELCOME TO</h2>\n            <h1 className='font-poppins font-semibold ss:text-[72px] text-[52px] ss:leading-[100.8px] leading-[75px]'>\n              Desi<span className='text-gradient'>Gamblers</span>.\n            </h1>\n          </div>\n          <p className={`${styles.paragraph} max-w-[470px] mt-5 mx-auto`}>\n            Explore the realm of VIP Rewards from DesiGamblers!\n          </p>\n          <p className={`${styles.paragraph} max-w-[5000px] mt-5 mx-auto`}>\n            Compete in Leaderboards, try your luck in Exclusive Raffles, join Giveaways & more!\n          </p>\n          <button \n            className='rounded-full mt-8 bg-blue-500 text-white py-2 px-6' \n            onClick={handleProofClick}\n          >\n            Proof\n          </button>\n        </div>\n      </div>\n    </section>\n  );\n}\n\nexport default Hero;\n"
        }
    ]
}