{
    "sourceFile": "src/components/index.js",
    "activeCommit": 0,
    "commits": [
        {
            "activePatchIndex": 0,
            "patches": [
                {
                    "date": 1722595631985,
                    "content": "Index: \n===================================================================\n--- \n+++ \n"
                }
            ],
            "date": 1722595631985,
            "name": "Commit-0",
            "content": "import Billing from './Billing'\nimport Business from './Business'\nimport CardDeal from './CardDeal'\nimport Clients from './Clients'\nimport CTA from './CTA'\nimport Code from './Code'\nimport Feedback from './Feedback'\nimport Footer from './Footer'\nimport Hero from './Hero'\nimport Navbar from './Navbar'\nimport Stats from './Stats'\nimport Testimonials from './Testimonials'\nimport Ytvideo from './Ytvideo'\nimport Proof from './Proof'\n\nexport {\n    Billing,\n    Business,\n    CardDeal,\n    Clients,\n    CTA,\n    Feedback,\n    Footer,\n    Hero,\n    Navbar,\n    Stats,\n    Testimonials,\n    Code,\n    Ytvideo,\n    Proof,\n}"
        }
    ]
}