{
    "sourceFile": "src/components/LazyVideo.jsx",
    "activeCommit": 0,
    "commits": [
        {
            "activePatchIndex": 0,
            "patches": [
                {
                    "date": 1722597121640,
                    "content": "Index: \n===================================================================\n--- \n+++ \n"
                }
            ],
            "date": 1722597121640,
            "name": "Commit-0",
            "content": "import React from 'react';\n\nconst LazyVideo = ({ url }) => {\n  return (\n    <video className='w-40 h-72 object-cover' controls>\n      <source src={url} type='video/mp4' />\n      Your browser does not support the video tag.\n    </video>\n  );\n}\n\nexport default LazyVideo;\n"
        }
    ]
}