{
    "sourceFile": "src/components/LoginModal.jsx",
    "activeCommit": 0,
    "commits": [
        {
            "activePatchIndex": 4,
            "patches": [
                {
                    "date": 1722425108811,
                    "content": "Index: \n===================================================================\n--- \n+++ \n"
                },
                {
                    "date": 1722425239516,
                    "content": "Index: \n===================================================================\n--- \n+++ \n@@ -10,10 +10,10 @@\n         headers: {\n           'Content-Type': 'application/json',\n         },\n         body: JSON.stringify({\n-          client_id: process.env.REACT_APP_DISCORD_CLIENT_ID, // Add your Discord Client ID here\n-          redirect_uri: process.env.REACT_APP_REDIRECT_URI,  // Add your Redirect URI here\n+          client_id: process.env.REACT_APP_DISCORD_CLIENT_ID,\n+          redirect_uri: process.env.REACT_APP_REDIRECT_URI,\n         }),\n       });\n \n       if (!response.ok) {\n"
                },
                {
                    "date": 1722425267361,
                    "content": "Index: \n===================================================================\n--- \n+++ \n@@ -10,9 +10,9 @@\n         headers: {\n           'Content-Type': 'application/json',\n         },\n         body: JSON.stringify({\n-          client_id: process.env.REACT_APP_DISCORD_CLIENT_ID,\n+          client_id: \"1073961734399856671\",\n           redirect_uri: process.env.REACT_APP_REDIRECT_URI,\n         }),\n       });\n \n"
                },
                {
                    "date": 1722425296291,
                    "content": "Index: \n===================================================================\n--- \n+++ \n@@ -11,9 +11,9 @@\n           'Content-Type': 'application/json',\n         },\n         body: JSON.stringify({\n           client_id: \"1073961734399856671\",\n-          redirect_uri: \"https://api.coneiz.com/discord/callbac\",\n+          redirect_uri: \"https://api.coneiz.com/discord/callback\",\n         }),\n       });\n \n       if (!response.ok) {\n"
                },
                {
                    "date": 1722425368962,
                    "content": "Index: \n===================================================================\n--- \n+++ \n@@ -5,9 +5,9 @@\n const LoginModal = ({ isOpen, onRequestClose }) => {\n   const handleDiscordLogin = async () => {\n     try {\n       const response = await fetch('https://api.coneiz.com/discord/login', {\n-        method: 'GEt',\n+        method: 'GE',\n         headers: {\n           'Content-Type': 'application/json',\n         },\n         body: JSON.stringify({\n"
                }
            ],
            "date": 1722425108811,
            "name": "Commit-0",
            "content": "import React from 'react';\nimport Modal from 'react-modal';\nimport Hero from './hero2';\n\nconst LoginModal = ({ isOpen, onRequestClose }) => {\n  const handleDiscordLogin = async () => {\n    try {\n      const response = await fetch('https://api.coneiz.com/discord/login', {\n        method: 'POST',\n        headers: {\n          'Content-Type': 'application/json',\n        },\n        body: JSON.stringify({\n          client_id: process.env.REACT_APP_DISCORD_CLIENT_ID, // Add your Discord Client ID here\n          redirect_uri: process.env.REACT_APP_REDIRECT_URI,  // Add your Redirect URI here\n        }),\n      });\n\n      if (!response.ok) {\n        throw new Error('Failed to initiate Discord login');\n      }\n\n      const result = await response.json();\n      window.location.href = result.redirect_url; // Redirect to Discord login page\n    } catch (error) {\n      console.error('Error during Discord login:', error);\n    }\n  };\n\n  return (\n    <Modal\n      isOpen={isOpen}\n      onRequestClose={onRequestClose}\n      style={{\n        overlay: {\n          backgroundColor: 'rgba(0, 0, 0, 0.75)', // Solid dark background with opacity\n        },\n        content: {\n          top: '50%',\n          left: '50%',\n          right: 'auto',\n          bottom: 'auto',\n          marginRight: '-50%',\n          transform: 'translate(-50%, -50%)',\n          borderRadius: '10px',\n          padding: '1px',\n          overflow: 'hidden', // Prevent inner content from scrolling\n        },\n      }}\n    >\n      <Hero onDiscordLogin={handleDiscordLogin} />\n    </Modal>\n  );\n};\n\nexport default LoginModal;\n"
        }
    ]
}