{
    "sourceFile": "src/components/Navbar.jsx",
    "activeCommit": 0,
    "commits": [
        {
            "activePatchIndex": 22,
            "patches": [
                {
                    "date": 1722170964676,
                    "content": "Index: \n===================================================================\n--- \n+++ \n"
                },
                {
                    "date": 1722171229697,
                    "content": "Index: \n===================================================================\n--- \n+++ \n@@ -63,24 +63,9 @@\n \n   return (\n     <>\n       <nav className='w-full flex py-6 justify-between items-center navbar'>\n-        <img src={logo} alt='Desi' className='w-[250px] h-[200px]' />\n-        {isAuthenticated ? (\n-          <div className='relative'>\n-            <div\n-              onClick={handleMenuClick}\n-              style={{\n-                backgroundImage: 'linear-gradient(317deg, #5865F2, #404EED)',\n-                color: 'white',\n-                borderRadius: '20px',\n-                padding: '8px 16px',\n-                display: 'flex',\n-                alignItems: 'center',\n-                cursor: 'pointer',\n-                position: 'relative',\n-              }}\n-            >\n+\n               <img\n                 src={`https://cdn.discordapp.com/avatars/${user.id}/${user.avatar}.png`}\n                 alt='User Avatar'\n                 className='w-[32px] h-[32px] rounded-full'\n"
                },
                {
                    "date": 1722171271328,
                    "content": "Index: \n===================================================================\n--- \n+++ \n@@ -63,9 +63,24 @@\n \n   return (\n     <>\n       <nav className='w-full flex py-6 justify-between items-center navbar'>\n-\n+        <img src={logo} alt='Desi' className='w-[250px] h-[500px]' />\n+        {isAuthenticated ? (\n+          <div className='relative'>\n+            <div\n+              onClick={handleMenuClick}\n+              style={{\n+                backgroundImage: 'linear-gradient(317deg, #5865F2, #404EED)',\n+                color: 'white',\n+                borderRadius: '20px',\n+                padding: '8px 16px',\n+                display: 'flex',\n+                alignItems: 'center',\n+                cursor: 'pointer',\n+                position: 'relative',\n+              }}\n+            >\n               <img\n                 src={`https://cdn.discordapp.com/avatars/${user.id}/${user.avatar}.png`}\n                 alt='User Avatar'\n                 className='w-[32px] h-[32px] rounded-full'\n"
                },
                {
                    "date": 1722171312558,
                    "content": "Index: \n===================================================================\n--- \n+++ \n@@ -63,9 +63,9 @@\n \n   return (\n     <>\n       <nav className='w-full flex py-6 justify-between items-center navbar'>\n-        <img src={logo} alt='Desi' className='w-[250px] h-[500px]' />\n+        <img src={logo} alt='Desi' className='w-[34px] h-[34px]' />\n         {isAuthenticated ? (\n           <div className='relative'>\n             <div\n               onClick={handleMenuClick}\n"
                },
                {
                    "date": 1722171404647,
                    "content": "Index: \n===================================================================\n--- \n+++ \n@@ -63,9 +63,9 @@\n \n   return (\n     <>\n       <nav className='w-full flex py-6 justify-between items-center navbar'>\n-        <img src={logo} alt='Desi' className='w-[34px] h-[34px]' />\n+        <img src={logo} alt='Desi' className='w-[50px] h-[50px]' />\n         {isAuthenticated ? (\n           <div className='relative'>\n             <div\n               onClick={handleMenuClick}\n"
                },
                {
                    "date": 1722171416398,
                    "content": "Index: \n===================================================================\n--- \n+++ \n@@ -63,9 +63,9 @@\n \n   return (\n     <>\n       <nav className='w-full flex py-6 justify-between items-center navbar'>\n-        <img src={logo} alt='Desi' className='w-[50px] h-[50px]' />\n+        <img src={logo} alt='Desi' className='w-[60px] h-[60px]' />\n         {isAuthenticated ? (\n           <div className='relative'>\n             <div\n               onClick={handleMenuClick}\n"
                },
                {
                    "date": 1722171424062,
                    "content": "Index: \n===================================================================\n--- \n+++ \n@@ -63,9 +63,9 @@\n \n   return (\n     <>\n       <nav className='w-full flex py-6 justify-between items-center navbar'>\n-        <img src={logo} alt='Desi' className='w-[60px] h-[60px]' />\n+        <img src={logo} alt='Desi' className='w-[50px] h-[50px]' />\n         {isAuthenticated ? (\n           <div className='relative'>\n             <div\n               onClick={handleMenuClick}\n"
                },
                {
                    "date": 1722426338770,
                    "content": "Index: \n===================================================================\n--- \n+++ \n@@ -3,11 +3,10 @@\n import ProfileModal from './ProfileModal'; // Import ProfileModal\n import { IconButton, Menu, MenuItem } from '@mui/material';\n import { AccountCircle, Logout, ExpandMore, ExpandLess } from '@mui/icons-material';\n import Slide from '@mui/material/Slide';\n+import { logo } from '../assets';\n \n-let logo = \"https://cdn.discordapp.com/attachments/1244370008411209811/1263818798515879988/d4e82e49-d784-41d8-a2e8-d40ec96a1336.gif?ex=66a3877a&is=66a235fa&hm=abc10451ac81710fcea287d37ddc2b5676531f106d87952ddeb45fe0a1fd9ec3&\"\n-\n const Navbar = () => {\n   const [isModalOpen, setIsModalOpen] = useState(false);\n   const [isProfileModalOpen, setIsProfileModalOpen] = useState(false); // State for ProfileModal\n   const [isAuthenticated, setIsAuthenticated] = useState(false);\n@@ -16,17 +15,24 @@\n   const [menuOpen, setMenuOpen] = useState(false);\n \n   useEffect(() => {\n     const checkAuth = async () => {\n-      const response = await fetch('http://localhost:5124/api/session', { credentials: 'include' });\n-      const data = await response.json();\n-      if (data.isAuthenticated) {\n-        setIsAuthenticated(true);\n-        setUser(data.user);\n-        localStorage.setItem('isAuthenticated', 'true');\n-      } else {\n-        setIsAuthenticated(false);\n-        localStorage.removeItem('isAuthenticated');\n+      try {\n+        const response = await fetch('http://localhost:5124/api/session', { credentials: 'include' });\n+        if (!response.ok) {\n+          throw new Error(`HTTP error! status: ${response.status}`);\n+        }\n+        const data = await response.json();\n+        if (data.isAuthenticated) {\n+          setIsAuthenticated(true);\n+          setUser(data.user);\n+          localStorage.setItem('isAuthenticated', 'true');\n+        } else {\n+          setIsAuthenticated(false);\n+          localStorage.removeItem('isAuthenticated');\n+        }\n+      } catch (error) {\n+        console.error('Failed to fetch authentication status:', error);\n       }\n     };\n     checkAuth();\n   }, []);\n@@ -37,14 +43,18 @@\n   const openProfileModal = () => setIsProfileModalOpen(true); // Function to open ProfileModal\n   const closeProfileModal = () => setIsProfileModalOpen(false); // Function to close ProfileModal\n \n   const handleLogout = async () => {\n-    await fetch('http://localhost:5124/api/logout', { credentials: 'include', method: 'POST' });\n-    setIsAuthenticated(false);\n-    setUser(null);\n-    localStorage.removeItem('isAuthenticated');\n-    setAnchorEl(null); // Close the menu\n-    setMenuOpen(false);\n+    try {\n+      await fetch('http://localhost:5124/api/logout', { credentials: 'include', method: 'POST' });\n+      setIsAuthenticated(false);\n+      setUser(null);\n+      localStorage.removeItem('isAuthenticated');\n+      setAnchorEl(null); // Close the menu\n+      setMenuOpen(false);\n+    } catch (error) {\n+      console.error('Failed to log out:', error);\n+    }\n   };\n \n   const handleMenuClick = (event) => {\n     setAnchorEl(event.currentTarget);\n"
                },
                {
                    "date": 1722426543697,
                    "content": "Index: \n===================================================================\n--- \n+++ \n@@ -17,12 +17,14 @@\n   useEffect(() => {\n     const checkAuth = async () => {\n       try {\n         const response = await fetch('http://localhost:5124/api/session', { credentials: 'include' });\n+        console.log(response)\n         if (!response.ok) {\n           throw new Error(`HTTP error! status: ${response.status}`);\n         }\n         const data = await response.json();\n+        console.log(data)\n         if (data.isAuthenticated) {\n           setIsAuthenticated(true);\n           setUser(data.user);\n           localStorage.setItem('isAuthenticated', 'true');\n"
                },
                {
                    "date": 1722426649185,
                    "content": "Index: \n===================================================================\n--- \n+++ \n@@ -3,9 +3,9 @@\n import ProfileModal from './ProfileModal'; // Import ProfileModal\n import { IconButton, Menu, MenuItem } from '@mui/material';\n import { AccountCircle, Logout, ExpandMore, ExpandLess } from '@mui/icons-material';\n import Slide from '@mui/material/Slide';\n-import { logo } from '../assets';\n+import {logo} from '../assets'\n \n const Navbar = () => {\n   const [isModalOpen, setIsModalOpen] = useState(false);\n   const [isProfileModalOpen, setIsProfileModalOpen] = useState(false); // State for ProfileModal\n@@ -15,26 +15,17 @@\n   const [menuOpen, setMenuOpen] = useState(false);\n \n   useEffect(() => {\n     const checkAuth = async () => {\n-      try {\n-        const response = await fetch('http://localhost:5124/api/session', { credentials: 'include' });\n-        console.log(response)\n-        if (!response.ok) {\n-          throw new Error(`HTTP error! status: ${response.status}`);\n-        }\n-        const data = await response.json();\n-        console.log(data)\n-        if (data.isAuthenticated) {\n-          setIsAuthenticated(true);\n-          setUser(data.user);\n-          localStorage.setItem('isAuthenticated', 'true');\n-        } else {\n-          setIsAuthenticated(false);\n-          localStorage.removeItem('isAuthenticated');\n-        }\n-      } catch (error) {\n-        console.error('Failed to fetch authentication status:', error);\n+      const response = await fetch('http://localhost:5124/api/session', { credentials: 'include' });\n+      const data = await response.json();\n+      if (data.isAuthenticated) {\n+        setIsAuthenticated(true);\n+        setUser(data.user);\n+        localStorage.setItem('isAuthenticated', 'true');\n+      } else {\n+        setIsAuthenticated(false);\n+        localStorage.removeItem('isAuthenticated');\n       }\n     };\n     checkAuth();\n   }, []);\n@@ -45,18 +36,14 @@\n   const openProfileModal = () => setIsProfileModalOpen(true); // Function to open ProfileModal\n   const closeProfileModal = () => setIsProfileModalOpen(false); // Function to close ProfileModal\n \n   const handleLogout = async () => {\n-    try {\n-      await fetch('http://localhost:5124/api/logout', { credentials: 'include', method: 'POST' });\n-      setIsAuthenticated(false);\n-      setUser(null);\n-      localStorage.removeItem('isAuthenticated');\n-      setAnchorEl(null); // Close the menu\n-      setMenuOpen(false);\n-    } catch (error) {\n-      console.error('Failed to log out:', error);\n-    }\n+    await fetch('http://localhost:5124/api/logout', { credentials: 'include', method: 'POST' });\n+    setIsAuthenticated(false);\n+    setUser(null);\n+    localStorage.removeItem('isAuthenticated');\n+    setAnchorEl(null); // Close the menu\n+    setMenuOpen(false);\n   };\n \n   const handleMenuClick = (event) => {\n     setAnchorEl(event.currentTarget);\n"
                },
                {
                    "date": 1722426800825,
                    "content": "Index: \n===================================================================\n--- \n+++ \n@@ -3,9 +3,9 @@\n import ProfileModal from './ProfileModal'; // Import ProfileModal\n import { IconButton, Menu, MenuItem } from '@mui/material';\n import { AccountCircle, Logout, ExpandMore, ExpandLess } from '@mui/icons-material';\n import Slide from '@mui/material/Slide';\n-import {logo} from '../assets'\n+import { logo } from '../assets';\n \n const Navbar = () => {\n   const [isModalOpen, setIsModalOpen] = useState(false);\n   const [isProfileModalOpen, setIsProfileModalOpen] = useState(false); // State for ProfileModal\n@@ -15,17 +15,24 @@\n   const [menuOpen, setMenuOpen] = useState(false);\n \n   useEffect(() => {\n     const checkAuth = async () => {\n-      const response = await fetch('http://localhost:5124/api/session', { credentials: 'include' });\n-      const data = await response.json();\n-      if (data.isAuthenticated) {\n-        setIsAuthenticated(true);\n-        setUser(data.user);\n-        localStorage.setItem('isAuthenticated', 'true');\n-      } else {\n-        setIsAuthenticated(false);\n-        localStorage.removeItem('isAuthenticated');\n+      try {\n+        const response = await fetch('http://localhost:5124/api/session', { credentials: 'include' });\n+        if (!response.ok) {\n+          throw new Error(`HTTP error! Status: ${response.status}`);\n+        }\n+        const data = await response.json();\n+        if (data.isAuthenticated) {\n+          setIsAuthenticated(true);\n+          setUser(data.user);\n+          localStorage.setItem('isAuthenticated', 'true');\n+        } else {\n+          setIsAuthenticated(false);\n+          localStorage.removeItem('isAuthenticated');\n+        }\n+      } catch (error) {\n+        console.error('Failed to fetch authentication status:', error);\n       }\n     };\n     checkAuth();\n   }, []);\n@@ -36,14 +43,21 @@\n   const openProfileModal = () => setIsProfileModalOpen(true); // Function to open ProfileModal\n   const closeProfileModal = () => setIsProfileModalOpen(false); // Function to close ProfileModal\n \n   const handleLogout = async () => {\n-    await fetch('http://localhost:5124/api/logout', { credentials: 'include', method: 'POST' });\n-    setIsAuthenticated(false);\n-    setUser(null);\n-    localStorage.removeItem('isAuthenticated');\n-    setAnchorEl(null); // Close the menu\n-    setMenuOpen(false);\n+    try {\n+      const response = await fetch('http://localhost:5124/api/logout', { credentials: 'include', method: 'POST' });\n+      if (!response.ok) {\n+        throw new Error(`HTTP error! Status: ${response.status}`);\n+      }\n+      setIsAuthenticated(false);\n+      setUser(null);\n+      localStorage.removeItem('isAuthenticated');\n+      setAnchorEl(null); // Close the menu\n+      setMenuOpen(false);\n+    } catch (error) {\n+      console.error('Failed to log out:', error);\n+    }\n   };\n \n   const handleMenuClick = (event) => {\n     setAnchorEl(event.currentTarget);\n"
                },
                {
                    "date": 1722427029644,
                    "content": "Index: \n===================================================================\n--- \n+++ \n@@ -1,5 +1,6 @@\n import React, { useState, useEffect } from 'react';\n+import axios from 'axios'; // Import Axios\n import LoginModal from './LoginModal';\n import ProfileModal from './ProfileModal'; // Import ProfileModal\n import { IconButton, Menu, MenuItem } from '@mui/material';\n import { AccountCircle, Logout, ExpandMore, ExpandLess } from '@mui/icons-material';\n@@ -16,21 +17,20 @@\n \n   useEffect(() => {\n     const checkAuth = async () => {\n       try {\n-        const response = await fetch('http://localhost:5124/api/session', { credentials: 'include' });\n-        if (!response.ok) {\n-          throw new Error(`HTTP error! Status: ${response.status}`);\n+        const response = await axios.get('http://localhost:5124/api/session', { withCredentials: true });\n+        if (response.status === 200) {\n+          const data = response.data;\n+          if (data.isAuthenticated) {\n+            setIsAuthenticated(true);\n+            setUser(data.user);\n+            localStorage.setItem('isAuthenticated', 'true');\n+          } else {\n+            setIsAuthenticated(false);\n+            localStorage.removeItem('isAuthenticated');\n+          }\n         }\n-        const data = await response.json();\n-        if (data.isAuthenticated) {\n-          setIsAuthenticated(true);\n-          setUser(data.user);\n-          localStorage.setItem('isAuthenticated', 'true');\n-        } else {\n-          setIsAuthenticated(false);\n-          localStorage.removeItem('isAuthenticated');\n-        }\n       } catch (error) {\n         console.error('Failed to fetch authentication status:', error);\n       }\n     };\n@@ -44,17 +44,16 @@\n   const closeProfileModal = () => setIsProfileModalOpen(false); // Function to close ProfileModal\n \n   const handleLogout = async () => {\n     try {\n-      const response = await fetch('http://localhost:5124/api/logout', { credentials: 'include', method: 'POST' });\n-      if (!response.ok) {\n-        throw new Error(`HTTP error! Status: ${response.status}`);\n+      const response = await axios.post('http://localhost:5124/api/logout', {}, { withCredentials: true });\n+      if (response.status === 200) {\n+        setIsAuthenticated(false);\n+        setUser(null);\n+        localStorage.removeItem('isAuthenticated');\n+        setAnchorEl(null); // Close the menu\n+        setMenuOpen(false);\n       }\n-      setIsAuthenticated(false);\n-      setUser(null);\n-      localStorage.removeItem('isAuthenticated');\n-      setAnchorEl(null); // Close the menu\n-      setMenuOpen(false);\n     } catch (error) {\n       console.error('Failed to log out:', error);\n     }\n   };\n"
                },
                {
                    "date": 1722427151668,
                    "content": "Index: \n===================================================================\n--- \n+++ \n@@ -17,9 +17,9 @@\n \n   useEffect(() => {\n     const checkAuth = async () => {\n       try {\n-        const response = await axios.get('http://localhost:5124/api/session', { withCredentials: true });\n+        const response = await axios.get('http://178.63.199.109:5124/api/session', { withCredentials: true });\n         if (response.status === 200) {\n           const data = response.data;\n           if (data.isAuthenticated) {\n             setIsAuthenticated(true);\n@@ -44,9 +44,9 @@\n   const closeProfileModal = () => setIsProfileModalOpen(false); // Function to close ProfileModal\n \n   const handleLogout = async () => {\n     try {\n-      const response = await axios.post('http://localhost:5124/api/logout', {}, { withCredentials: true });\n+      const response = await axios.post('http://178.63.199.109:5124/api/logout', {}, { withCredentials: true });\n       if (response.status === 200) {\n         setIsAuthenticated(false);\n         setUser(null);\n         localStorage.removeItem('isAuthenticated');\n"
                },
                {
                    "date": 1722427331308,
                    "content": "Index: \n===================================================================\n--- \n+++ \n@@ -17,9 +17,9 @@\n \n   useEffect(() => {\n     const checkAuth = async () => {\n       try {\n-        const response = await axios.get('http://178.63.199.109:5124/api/session', { withCredentials: true });\n+        const response = await axios.get('https://api.coneiz.com/api/discord/session', { withCredentials: true });\n         if (response.status === 200) {\n           const data = response.data;\n           if (data.isAuthenticated) {\n             setIsAuthenticated(true);\n"
                },
                {
                    "date": 1722427393439,
                    "content": "Index: \n===================================================================\n--- \n+++ \n@@ -17,9 +17,9 @@\n \n   useEffect(() => {\n     const checkAuth = async () => {\n       try {\n-        const response = await axios.get('https://api.coneiz.com/api/discord/session', { withCredentials: true });\n+        const response = await axios.get('http://178.63.199.109:5124/api/session', { withCredentials: true });\n         if (response.status === 200) {\n           const data = response.data;\n           if (data.isAuthenticated) {\n             setIsAuthenticated(true);\n"
                },
                {
                    "date": 1722427406315,
                    "content": "Index: \n===================================================================\n--- \n+++ \n@@ -17,9 +17,9 @@\n \n   useEffect(() => {\n     const checkAuth = async () => {\n       try {\n-        const response = await axios.get('http://178.63.199.109:5124/api/session', { withCredentials: true });\n+        const response = await axios.get('http://localhost:5124/api/session', { withCredentials: true });\n         if (response.status === 200) {\n           const data = response.data;\n           if (data.isAuthenticated) {\n             setIsAuthenticated(true);\n@@ -44,9 +44,9 @@\n   const closeProfileModal = () => setIsProfileModalOpen(false); // Function to close ProfileModal\n \n   const handleLogout = async () => {\n     try {\n-      const response = await axios.post('http://178.63.199.109:5124/api/logout', {}, { withCredentials: true });\n+      const response = await axios.post('http://localhost:5124/api/logout', {}, { withCredentials: true });\n       if (response.status === 200) {\n         setIsAuthenticated(false);\n         setUser(null);\n         localStorage.removeItem('isAuthenticated');\n"
                },
                {
                    "date": 1722427412873,
                    "content": "Index: \n===================================================================\n--- \n+++ \n@@ -1,12 +1,11 @@\n import React, { useState, useEffect } from 'react';\n-import axios from 'axios'; // Import Axios\n import LoginModal from './LoginModal';\n import ProfileModal from './ProfileModal'; // Import ProfileModal\n import { IconButton, Menu, MenuItem } from '@mui/material';\n import { AccountCircle, Logout, ExpandMore, ExpandLess } from '@mui/icons-material';\n import Slide from '@mui/material/Slide';\n-import { logo } from '../assets';\n+import {logo} from '../assets'\n \n const Navbar = () => {\n   const [isModalOpen, setIsModalOpen] = useState(false);\n   const [isProfileModalOpen, setIsProfileModalOpen] = useState(false); // State for ProfileModal\n@@ -16,23 +15,17 @@\n   const [menuOpen, setMenuOpen] = useState(false);\n \n   useEffect(() => {\n     const checkAuth = async () => {\n-      try {\n-        const response = await axios.get('http://localhost:5124/api/session', { withCredentials: true });\n-        if (response.status === 200) {\n-          const data = response.data;\n-          if (data.isAuthenticated) {\n-            setIsAuthenticated(true);\n-            setUser(data.user);\n-            localStorage.setItem('isAuthenticated', 'true');\n-          } else {\n-            setIsAuthenticated(false);\n-            localStorage.removeItem('isAuthenticated');\n-          }\n-        }\n-      } catch (error) {\n-        console.error('Failed to fetch authentication status:', error);\n+      const response = await fetch('http://localhost:5124/api/session', { credentials: 'include' });\n+      const data = await response.json();\n+      if (data.isAuthenticated) {\n+        setIsAuthenticated(true);\n+        setUser(data.user);\n+        localStorage.setItem('isAuthenticated', 'true');\n+      } else {\n+        setIsAuthenticated(false);\n+        localStorage.removeItem('isAuthenticated');\n       }\n     };\n     checkAuth();\n   }, []);\n@@ -43,20 +36,14 @@\n   const openProfileModal = () => setIsProfileModalOpen(true); // Function to open ProfileModal\n   const closeProfileModal = () => setIsProfileModalOpen(false); // Function to close ProfileModal\n \n   const handleLogout = async () => {\n-    try {\n-      const response = await axios.post('http://localhost:5124/api/logout', {}, { withCredentials: true });\n-      if (response.status === 200) {\n-        setIsAuthenticated(false);\n-        setUser(null);\n-        localStorage.removeItem('isAuthenticated');\n-        setAnchorEl(null); // Close the menu\n-        setMenuOpen(false);\n-      }\n-    } catch (error) {\n-      console.error('Failed to log out:', error);\n-    }\n+    await fetch('http://localhost:5124/api/logout', { credentials: 'include', method: 'POST' });\n+    setIsAuthenticated(false);\n+    setUser(null);\n+    localStorage.removeItem('isAuthenticated');\n+    setAnchorEl(null); // Close the menu\n+    setMenuOpen(false);\n   };\n \n   const handleMenuClick = (event) => {\n     setAnchorEl(event.currentTarget);\n"
                },
                {
                    "date": 1722427545099,
                    "content": "Index: \n===================================================================\n--- \n+++ \n@@ -3,10 +3,11 @@\n import ProfileModal from './ProfileModal'; // Import ProfileModal\n import { IconButton, Menu, MenuItem } from '@mui/material';\n import { AccountCircle, Logout, ExpandMore, ExpandLess } from '@mui/icons-material';\n import Slide from '@mui/material/Slide';\n-import {logo} from '../assets'\n \n+import {logo} from \"../assets\"\n+\n const Navbar = () => {\n   const [isModalOpen, setIsModalOpen] = useState(false);\n   const [isProfileModalOpen, setIsProfileModalOpen] = useState(false); // State for ProfileModal\n   const [isAuthenticated, setIsAuthenticated] = useState(false);\n@@ -62,9 +63,9 @@\n \n   return (\n     <>\n       <nav className='w-full flex py-6 justify-between items-center navbar'>\n-        <img src={logo} alt='Desi' className='w-[50px] h-[50px]' />\n+        <img src={logo} alt='Desi' className='w-[60px] h-[60px]' />\n         {isAuthenticated ? (\n           <div className='relative'>\n             <div\n               onClick={handleMenuClick}\n"
                },
                {
                    "date": 1722524746070,
                    "content": "Index: \n===================================================================\n--- \n+++ \n@@ -3,9 +3,8 @@\n import ProfileModal from './ProfileModal'; // Import ProfileModal\n import { IconButton, Menu, MenuItem } from '@mui/material';\n import { AccountCircle, Logout, ExpandMore, ExpandLess } from '@mui/icons-material';\n import Slide from '@mui/material/Slide';\n-\n import {logo} from \"../assets\"\n \n const Navbar = () => {\n   const [isModalOpen, setIsModalOpen] = useState(false);\n@@ -16,9 +15,9 @@\n   const [menuOpen, setMenuOpen] = useState(false);\n \n   useEffect(() => {\n     const checkAuth = async () => {\n-      const response = await fetch('http://localhost:5124/api/session', { credentials: 'include' });\n+      const response = await fetch('https://api.desigamblers.top/api/session', { credentials: 'include' });\n       const data = await response.json();\n       if (data.isAuthenticated) {\n         setIsAuthenticated(true);\n         setUser(data.user);\n@@ -37,9 +36,9 @@\n   const openProfileModal = () => setIsProfileModalOpen(true); // Function to open ProfileModal\n   const closeProfileModal = () => setIsProfileModalOpen(false); // Function to close ProfileModal\n \n   const handleLogout = async () => {\n-    await fetch('http://localhost:5124/api/logout', { credentials: 'include', method: 'POST' });\n+    await fetch('https://api.desigamblers.fun/api/logout', { credentials: 'include', method: 'POST' });\n     setIsAuthenticated(false);\n     setUser(null);\n     localStorage.removeItem('isAuthenticated');\n     setAnchorEl(null); // Close the menu\n"
                },
                {
                    "date": 1722524752668,
                    "content": "Index: \n===================================================================\n--- \n+++ \n@@ -36,9 +36,9 @@\n   const openProfileModal = () => setIsProfileModalOpen(true); // Function to open ProfileModal\n   const closeProfileModal = () => setIsProfileModalOpen(false); // Function to close ProfileModal\n \n   const handleLogout = async () => {\n-    await fetch('https://api.desigamblers.fun/api/logout', { credentials: 'include', method: 'POST' });\n+    await fetch('https://api.desigamblers.top/api/logout', { credentials: 'include', method: 'POST' });\n     setIsAuthenticated(false);\n     setUser(null);\n     localStorage.removeItem('isAuthenticated');\n     setAnchorEl(null); // Close the menu\n"
                },
                {
                    "date": 1722608237347,
                    "content": "Index: \n===================================================================\n--- \n+++ \n@@ -1,146 +1,31 @@\n import React, { useState, useEffect } from 'react';\n-import LoginModal from './LoginModal';\n import ProfileModal from './ProfileModal'; // Import ProfileModal\n-import { IconButton, Menu, MenuItem } from '@mui/material';\n-import { AccountCircle, Logout, ExpandMore, ExpandLess } from '@mui/icons-material';\n-import Slide from '@mui/material/Slide';\n-import {logo} from \"../assets\"\n+import { logo } from '../assets';\n \n const Navbar = () => {\n-  const [isModalOpen, setIsModalOpen] = useState(false);\n   const [isProfileModalOpen, setIsProfileModalOpen] = useState(false); // State for ProfileModal\n-  const [isAuthenticated, setIsAuthenticated] = useState(false);\n   const [user, setUser] = useState(null);\n-  const [anchorEl, setAnchorEl] = useState(null);\n-  const [menuOpen, setMenuOpen] = useState(false);\n \n   useEffect(() => {\n-    const checkAuth = async () => {\n-      const response = await fetch('https://api.desigamblers.top/api/session', { credentials: 'include' });\n+    const fetchUserData = async () => {\n+      const response = await fetch('https://api.coneiz.com/api/user', { credentials: 'include' });\n       const data = await response.json();\n-      if (data.isAuthenticated) {\n-        setIsAuthenticated(true);\n-        setUser(data.user);\n-        localStorage.setItem('isAuthenticated', 'true');\n-      } else {\n-        setIsAuthenticated(false);\n-        localStorage.removeItem('isAuthenticated');\n-      }\n+      setUser(data.user);\n+      setIsProfileModalOpen(true); // Directly open the claim modal\n     };\n-    checkAuth();\n+    fetchUserData();\n   }, []);\n \n-  const openModal = () => setIsModalOpen(true);\n-  const closeModal = () => setIsModalOpen(false);\n-\n-  const openProfileModal = () => setIsProfileModalOpen(true); // Function to open ProfileModal\n   const closeProfileModal = () => setIsProfileModalOpen(false); // Function to close ProfileModal\n \n-  const handleLogout = async () => {\n-    await fetch('https://api.desigamblers.top/api/logout', { credentials: 'include', method: 'POST' });\n-    setIsAuthenticated(false);\n-    setUser(null);\n-    localStorage.removeItem('isAuthenticated');\n-    setAnchorEl(null); // Close the menu\n-    setMenuOpen(false);\n-  };\n-\n-  const handleMenuClick = (event) => {\n-    setAnchorEl(event.currentTarget);\n-    setMenuOpen(!menuOpen);\n-  };\n-\n-  const handleMenuClose = () => {\n-    setAnchorEl(null);\n-    setMenuOpen(false);\n-  };\n-\n-  const handleProfileClick = () => {\n-    handleMenuClose();\n-    openProfileModal();\n-  };\n-\n   return (\n     <>\n       <nav className='w-full flex py-6 justify-between items-center navbar'>\n         <img src={logo} alt='Desi' className='w-[60px] h-[60px]' />\n-        {isAuthenticated ? (\n-          <div className='relative'>\n-            <div\n-              onClick={handleMenuClick}\n-              style={{\n-                backgroundImage: 'linear-gradient(317deg, #5865F2, #404EED)',\n-                color: 'white',\n-                borderRadius: '20px',\n-                padding: '8px 16px',\n-                display: 'flex',\n-                alignItems: 'center',\n-                cursor: 'pointer',\n-                position: 'relative',\n-              }}\n-            >\n-              <img\n-                src={`https://cdn.discordapp.com/avatars/${user.id}/${user.avatar}.png`}\n-                alt='User Avatar'\n-                className='w-[32px] h-[32px] rounded-full'\n-                style={{ marginRight: '8px' }}\n-              />\n-              <span>{user.global_name}</span>\n-              <IconButton\n-                style={{\n-                  marginLeft: '8px',\n-                  color: 'white',\n-                  transition: 'transform 0.3s ease',\n-                }}\n-              >\n-                {menuOpen ? <ExpandLess /> : <ExpandMore />}\n-              </IconButton>\n-            </div>\n-            <Menu\n-              anchorEl={anchorEl}\n-              open={Boolean(anchorEl)}\n-              onClose={handleMenuClose}\n-              PaperProps={{\n-                style: {\n-                  backgroundImage: 'linear-gradient(317deg, #5865F2, #404EED)',\n-                  color: 'white',\n-                  borderRadius: '8px',\n-                  marginTop: '8px',\n-                },\n-              }}\n-              TransitionComponent={Transition}\n-            >\n-              <MenuItem onClick={handleProfileClick}>\n-                <AccountCircle style={{ marginRight: '8px' }} />\n-                Profile\n-              </MenuItem>\n-              <MenuItem onClick={handleLogout}>\n-                <Logout style={{ marginRight: '8px' }} />\n-                Logout\n-              </MenuItem>\n-            </Menu>\n-          </div>\n-        ) : (\n-          <button\n-            className='px-6 py-3 rounded-full font-poppins font-semibold text-white uppercase'\n-            style={{\n-              backgroundImage: 'linear-gradient(317deg, #5865F2, #404EED)',\n-            }}\n-            onClick={openModal}\n-          >\n-            Login\n-          </button>\n-        )}\n       </nav>\n-      <LoginModal isOpen={isModalOpen} onRequestClose={closeModal} />\n       <ProfileModal isOpen={isProfileModalOpen} onRequestClose={closeProfileModal} user={user} /> {/* Add ProfileModal */}\n     </>\n   );\n };\n \n-// Transition component for dropdown animation\n-const Transition = React.forwardRef(function Transition(props, ref) {\n-  return <Slide direction=\"down\" ref={ref} {...props} />;\n-});\n-\n export default Navbar;\n"
                },
                {
                    "date": 1722608395910,
                    "content": "Index: \n===================================================================\n--- \n+++ \n@@ -1,30 +1,29 @@\n import React, { useState, useEffect } from 'react';\n import ProfileModal from './ProfileModal'; // Import ProfileModal\n-import { logo } from '../assets';\n+import { logo } from \"../assets\";\n \n const Navbar = () => {\n   const [isProfileModalOpen, setIsProfileModalOpen] = useState(false); // State for ProfileModal\n-  const [user, setUser] = useState(null);\n \n-  useEffect(() => {\n-    const fetchUserData = async () => {\n-      const response = await fetch('https://api.coneiz.com/api/user', { credentials: 'include' });\n-      const data = await response.json();\n-      setUser(data.user);\n-      setIsProfileModalOpen(true); // Directly open the claim modal\n-    };\n-    fetchUserData();\n-  }, []);\n-\n+  const openProfileModal = () => setIsProfileModalOpen(true); // Function to open ProfileModal\n   const closeProfileModal = () => setIsProfileModalOpen(false); // Function to close ProfileModal\n \n   return (\n     <>\n       <nav className='w-full flex py-6 justify-between items-center navbar'>\n         <img src={logo} alt='Desi' className='w-[60px] h-[60px]' />\n+        <button\n+          className='px-6 py-3 rounded-full font-poppins font-semibold text-white uppercase'\n+          style={{\n+            backgroundImage: 'linear-gradient(317deg, #5865F2, #404EED)',\n+          }}\n+          onClick={openProfileModal}\n+        >\n+          Claim 35$\n+        </button>\n       </nav>\n-      <ProfileModal isOpen={isProfileModalOpen} onRequestClose={closeProfileModal} user={user} /> {/* Add ProfileModal */}\n+      <ProfileModal isOpen={isProfileModalOpen} onRequestClose={closeProfileModal} user={null} /> {/* Add ProfileModal */}\n     </>\n   );\n };\n \n"
                },
                {
                    "date": 1722608496471,
                    "content": "Index: \n===================================================================\n--- \n+++ \n@@ -1,5 +1,5 @@\n-import React, { useState, useEffect } from 'react';\n+import React, { useState } from 'react';\n import ProfileModal from './ProfileModal'; // Import ProfileModal\n import { logo } from \"../assets\";\n \n const Navbar = () => {\n@@ -21,9 +21,9 @@\n         >\n           Claim 35$\n         </button>\n       </nav>\n-      <ProfileModal isOpen={isProfileModalOpen} onRequestClose={closeProfileModal} user={null} /> {/* Add ProfileModal */}\n+      <ProfileModal isOpen={isProfileModalOpen} onRequestClose={closeProfileModal} /> {/* Add ProfileModal */}\n     </>\n   );\n };\n \n"
                }
            ],
            "date": 1722170964676,
            "name": "Commit-0",
            "content": "import React, { useState, useEffect } from 'react';\nimport LoginModal from './LoginModal';\nimport ProfileModal from './ProfileModal'; // Import ProfileModal\nimport { IconButton, Menu, MenuItem } from '@mui/material';\nimport { AccountCircle, Logout, ExpandMore, ExpandLess } from '@mui/icons-material';\nimport Slide from '@mui/material/Slide';\n\nlet logo = \"https://cdn.discordapp.com/attachments/1244370008411209811/1263818798515879988/d4e82e49-d784-41d8-a2e8-d40ec96a1336.gif?ex=66a3877a&is=66a235fa&hm=abc10451ac81710fcea287d37ddc2b5676531f106d87952ddeb45fe0a1fd9ec3&\"\n\nconst Navbar = () => {\n  const [isModalOpen, setIsModalOpen] = useState(false);\n  const [isProfileModalOpen, setIsProfileModalOpen] = useState(false); // State for ProfileModal\n  const [isAuthenticated, setIsAuthenticated] = useState(false);\n  const [user, setUser] = useState(null);\n  const [anchorEl, setAnchorEl] = useState(null);\n  const [menuOpen, setMenuOpen] = useState(false);\n\n  useEffect(() => {\n    const checkAuth = async () => {\n      const response = await fetch('http://localhost:5124/api/session', { credentials: 'include' });\n      const data = await response.json();\n      if (data.isAuthenticated) {\n        setIsAuthenticated(true);\n        setUser(data.user);\n        localStorage.setItem('isAuthenticated', 'true');\n      } else {\n        setIsAuthenticated(false);\n        localStorage.removeItem('isAuthenticated');\n      }\n    };\n    checkAuth();\n  }, []);\n\n  const openModal = () => setIsModalOpen(true);\n  const closeModal = () => setIsModalOpen(false);\n\n  const openProfileModal = () => setIsProfileModalOpen(true); // Function to open ProfileModal\n  const closeProfileModal = () => setIsProfileModalOpen(false); // Function to close ProfileModal\n\n  const handleLogout = async () => {\n    await fetch('http://localhost:5124/api/logout', { credentials: 'include', method: 'POST' });\n    setIsAuthenticated(false);\n    setUser(null);\n    localStorage.removeItem('isAuthenticated');\n    setAnchorEl(null); // Close the menu\n    setMenuOpen(false);\n  };\n\n  const handleMenuClick = (event) => {\n    setAnchorEl(event.currentTarget);\n    setMenuOpen(!menuOpen);\n  };\n\n  const handleMenuClose = () => {\n    setAnchorEl(null);\n    setMenuOpen(false);\n  };\n\n  const handleProfileClick = () => {\n    handleMenuClose();\n    openProfileModal();\n  };\n\n  return (\n    <>\n      <nav className='w-full flex py-6 justify-between items-center navbar'>\n        <img src={logo} alt='Desi' className='w-[250px] h-[200px]' />\n        {isAuthenticated ? (\n          <div className='relative'>\n            <div\n              onClick={handleMenuClick}\n              style={{\n                backgroundImage: 'linear-gradient(317deg, #5865F2, #404EED)',\n                color: 'white',\n                borderRadius: '20px',\n                padding: '8px 16px',\n                display: 'flex',\n                alignItems: 'center',\n                cursor: 'pointer',\n                position: 'relative',\n              }}\n            >\n              <img\n                src={`https://cdn.discordapp.com/avatars/${user.id}/${user.avatar}.png`}\n                alt='User Avatar'\n                className='w-[32px] h-[32px] rounded-full'\n                style={{ marginRight: '8px' }}\n              />\n              <span>{user.global_name}</span>\n              <IconButton\n                style={{\n                  marginLeft: '8px',\n                  color: 'white',\n                  transition: 'transform 0.3s ease',\n                }}\n              >\n                {menuOpen ? <ExpandLess /> : <ExpandMore />}\n              </IconButton>\n            </div>\n            <Menu\n              anchorEl={anchorEl}\n              open={Boolean(anchorEl)}\n              onClose={handleMenuClose}\n              PaperProps={{\n                style: {\n                  backgroundImage: 'linear-gradient(317deg, #5865F2, #404EED)',\n                  color: 'white',\n                  borderRadius: '8px',\n                  marginTop: '8px',\n                },\n              }}\n              TransitionComponent={Transition}\n            >\n              <MenuItem onClick={handleProfileClick}>\n                <AccountCircle style={{ marginRight: '8px' }} />\n                Profile\n              </MenuItem>\n              <MenuItem onClick={handleLogout}>\n                <Logout style={{ marginRight: '8px' }} />\n                Logout\n              </MenuItem>\n            </Menu>\n          </div>\n        ) : (\n          <button\n            className='px-6 py-3 rounded-full font-poppins font-semibold text-white uppercase'\n            style={{\n              backgroundImage: 'linear-gradient(317deg, #5865F2, #404EED)',\n            }}\n            onClick={openModal}\n          >\n            Login\n          </button>\n        )}\n      </nav>\n      <LoginModal isOpen={isModalOpen} onRequestClose={closeModal} />\n      <ProfileModal isOpen={isProfileModalOpen} onRequestClose={closeProfileModal} user={user} /> {/* Add ProfileModal */}\n    </>\n  );\n};\n\n// Transition component for dropdown animation\nconst Transition = React.forwardRef(function Transition(props, ref) {\n  return <Slide direction=\"down\" ref={ref} {...props} />;\n});\n\nexport default Navbar;\n"
        }
    ]
}