{
    "sourceFile": "src/components/ProfileModal.jsx",
    "activeCommit": 0,
    "commits": [
        {
            "activePatchIndex": 11,
            "patches": [
                {
                    "date": 1722158738743,
                    "content": "Index: \n===================================================================\n--- \n+++ \n"
                },
                {
                    "date": 1722158764895,
                    "content": "Index: \n===================================================================\n--- \n+++ \n@@ -6,9 +6,9 @@\n const ProfileModal = ({ isOpen, onRequestClose, user }) => {\n   const [activeOption, setActiveOption] = useState('Home');\n   const [animation, setAnimation] = useState(false);\n   const [formData, setFormData] = useState({\n-    email: user.email,\n+    email: `${user.email}`,\n     username: '',\n     underDesi: false,\n     wagered: false,\n   });\n"
                },
                {
                    "date": 1722158802722,
                    "content": "Index: \n===================================================================\n--- \n+++ \n@@ -6,9 +6,9 @@\n const ProfileModal = ({ isOpen, onRequestClose, user }) => {\n   const [activeOption, setActiveOption] = useState('Home');\n   const [animation, setAnimation] = useState(false);\n   const [formData, setFormData] = useState({\n-    email: `${user.email}`,\n+    email: user?.email || '',\n     username: '',\n     underDesi: false,\n     wagered: false,\n   });\n"
                },
                {
                    "date": 1722159425957,
                    "content": "Index: \n===================================================================\n--- \n+++ \n@@ -6,9 +6,9 @@\n const ProfileModal = ({ isOpen, onRequestClose, user }) => {\n   const [activeOption, setActiveOption] = useState('Home');\n   const [animation, setAnimation] = useState(false);\n   const [formData, setFormData] = useState({\n-    email: user?.email || '',\n+    email: user.email || '',\n     username: '',\n     underDesi: false,\n     wagered: false,\n   });\n"
                },
                {
                    "date": 1722160161269,
                    "content": "Index: \n===================================================================\n--- \n+++ \n@@ -12,8 +12,9 @@\n     underDesi: false,\n     wagered: false,\n   });\n   const [formError, setFormError] = useState('');\n+  const [isClaimSubmitted, setIsClaimSubmitted] = useState(false);\n \n   useEffect(() => {\n     if (isOpen) {\n       document.body.style.overflow = 'hidden'; // Disable scrolling\n@@ -30,8 +31,24 @@\n     const timer = setTimeout(() => setAnimation(false), 500); // Match duration with CSS transition\n     return () => clearTimeout(timer);\n   }, [activeOption]);\n \n+  useEffect(() => {\n+    // Check if the claim is already submitted\n+    const checkClaimStatus = async () => {\n+      try {\n+        const response = await axios.get(`http://localhost:5124/api/user?id=${user.id}`);\n+        if (response.data.claim) {\n+          setIsClaimSubmitted(true);\n+        }\n+      } catch (error) {\n+        console.error('Error checking claim status', error);\n+      }\n+    };\n+\n+    checkClaimStatus();\n+  }, [user.id]);\n+\n   if (!user) return null;\n \n   const handleOptionClick = (option) => {\n     setActiveOption(option);\n@@ -145,75 +162,83 @@\n                   }}>\n                     <p>Email: {user.email}</p>\n                   </div>\n                 </div>\n-                <div style={{ marginBottom: '10px', textAlign: 'left' }}>\n-                  <h4 style={{ marginBottom: '5px' }}>Username</h4>\n-                  <input\n-                    type=\"text\"\n-                    name=\"username\"\n-                    value={formData.username}\n-                    onChange={handleInputChange}\n-                    style={{\n-                      backgroundColor: '#000000',\n-                      padding: '5px 10px',\n-                      borderRadius: '10px',\n-                      color: 'white',\n-                      width: '100%',\n-                      border: 'none',\n-                      outline: 'none',\n-                      textAlign: 'center',\n-                    }}\n-                    placeholder=\"Enter your username\"\n-                  />\n-                </div>\n-                <div style={{ marginBottom: '10px', textAlign: 'left' }}>\n-                  <h4 style={{ marginBottom: '5px' }}>Are you under \"desi2023\"?</h4>\n-                  <label style={{\n-                    display: 'flex',\n-                    alignItems: 'center',\n-                    gap: '10px',\n-                    backgroundColor: '#000000',\n-                    padding: '5px 10px',\n-                    borderRadius: '10px',\n-                    color: 'white',\n-                  }}>\n-                    <input type=\"checkbox\" name=\"underDesi\" checked={formData.underDesi} onChange={handleInputChange} style={{ transform: 'scale(0.8)' }} />\n-                    <span>Yes</span>\n-                  </label>\n-                </div>\n-                <div style={{ marginBottom: '10px', textAlign: 'left' }}>\n-                  <h4 style={{ marginBottom: '5px' }}>Have you deposited and wagered $35?</h4>\n-                  <label style={{\n-                    display: 'flex',\n-                    alignItems: 'center',\n-                    gap: '10px',\n-                    backgroundColor: '#000000',\n-                    padding: '5px 10px',\n-                    borderRadius: '10px',\n-                    color: 'white',\n-                  }}>\n-                    <input type=\"checkbox\" name=\"wagered\" checked={formData.wagered} onChange={handleInputChange} style={{ transform: 'scale(0.8)' }} />\n-                    <span>Yes</span>\n-                  </label>\n-                </div>\n-                {formError && <p style={{ color: 'red', textAlign: 'center' }}>{formError}</p>}\n-                <button\n-                  onClick={handleSubmit}\n-                  style={{\n-                    background: '#166D3B',\n-                    color: 'white',\n-                    padding: '10px 20px',\n-                    borderRadius: '10px',\n-                    border: 'none',\n-                    cursor: 'pointer',\n-                    fontSize: '14px',\n-                    marginTop: '10px',\n-                    transition: 'background 0.3s ease',\n-                  }}\n-                >\n-                  Submit\n-                </button>\n+                {isClaimSubmitted ? (\n+                  <div style={{ textAlign: 'center', marginTop: '20px' }}>\n+                    <p style={{ color: 'red' }}>You've already submitted the claim form.</p>\n+                  </div>\n+                ) : (\n+                  <>\n+                    <div style={{ marginBottom: '10px', textAlign: 'left' }}>\n+                      <h4 style={{ marginBottom: '5px' }}>Username</h4>\n+                      <input\n+                        type=\"text\"\n+                        name=\"username\"\n+                        value={formData.username}\n+                        onChange={handleInputChange}\n+                        style={{\n+                          backgroundColor: '#000000',\n+                          padding: '5px 10px',\n+                          borderRadius: '10px',\n+                          color: 'white',\n+                          width: '100%',\n+                          border: 'none',\n+                          outline: 'none',\n+                          textAlign: 'center',\n+                        }}\n+                        placeholder=\"Enter your username\"\n+                      />\n+                    </div>\n+                    <div style={{ marginBottom: '10px', textAlign: 'left' }}>\n+                      <h4 style={{ marginBottom: '5px' }}>Are you under \"desi2023\"?</h4>\n+                      <label style={{\n+                        display: 'flex',\n+                        alignItems: 'center',\n+                        gap: '10px',\n+                        backgroundColor: '#000000',\n+                        padding: '5px 10px',\n+                        borderRadius: '10px',\n+                        color: 'white',\n+                      }}>\n+                        <input type=\"checkbox\" name=\"underDesi\" checked={formData.underDesi} onChange={handleInputChange} style={{ transform: 'scale(0.8)' }} />\n+                        <span>Yes</span>\n+                      </label>\n+                    </div>\n+                    <div style={{ marginBottom: '10px', textAlign: 'left' }}>\n+                      <h4 style={{ marginBottom: '5px' }}>Have you deposited and wagered $35?</h4>\n+                      <label style={{\n+                        display: 'flex',\n+                        alignItems: 'center',\n+                        gap: '10px',\n+                        backgroundColor: '#000000',\n+                        padding: '5px 10px',\n+                        borderRadius: '10px',\n+                        color: 'white',\n+                      }}>\n+                        <input type=\"checkbox\" name=\"wagered\" checked={formData.wagered} onChange={handleInputChange} style={{ transform: 'scale(0.8)' }} />\n+                        <span>Yes</span>\n+                      </label>\n+                    </div>\n+                    {formError && <p style={{ color: 'red', textAlign: 'center' }}>{formError}</p>}\n+                    <button\n+                      onClick={handleSubmit}\n+                      style={{\n+                        background: '#166D3B',\n+                        color: 'white',\n+                        padding: '10px 20px',\n+                        borderRadius: '10px',\n+                        border: 'none',\n+                        cursor: 'pointer',\n+                        fontSize: '14px',\n+                        marginTop: '10px',\n+                        transition: 'background 0.3s ease',\n+                      }}\n+                    >\n+                      Submit\n+                    </button>\n+                  </>\n+                )}\n               </div>\n             )}\n           </div>\n           <div\n"
                },
                {
                    "date": 1722160497650,
                    "content": "Index: \n===================================================================\n--- \n+++ \n@@ -1,8 +1,10 @@\n import React, { useEffect, useState } from 'react';\n import Modal from 'react-modal';\n import { Close } from '@mui/icons-material';\n import axios from 'axios';\n+import Alert from '@mui/material/Alert';\n+import Stack from '@mui/material/Stack';\n \n const ProfileModal = ({ isOpen, onRequestClose, user }) => {\n   const [activeOption, setActiveOption] = useState('Home');\n   const [animation, setAnimation] = useState(false);\n"
                },
                {
                    "date": 1722160561801,
                    "content": "Index: \n===================================================================\n--- \n+++ \n@@ -165,11 +165,11 @@\n                     <p>Email: {user.email}</p>\n                   </div>\n                 </div>\n                 {isClaimSubmitted ? (\n-                  <div style={{ textAlign: 'center', marginTop: '20px' }}>\n-                    <p style={{ color: 'red' }}>You've already submitted the claim form.</p>\n-                  </div>\n+                  <Stack sx={{ width: '100%' }} spacing={2}>\n+      <Alert severity=\"success\">This is a success Alert.</Alert>\n+      </Stack>\n                 ) : (\n                   <>\n                     <div style={{ marginBottom: '10px', textAlign: 'left' }}>\n                       <h4 style={{ marginBottom: '5px' }}>Username</h4>\n"
                },
                {
                    "date": 1722161010330,
                    "content": "Index: \n===================================================================\n--- \n+++ \n@@ -8,9 +8,9 @@\n const ProfileModal = ({ isOpen, onRequestClose, user }) => {\n   const [activeOption, setActiveOption] = useState('Home');\n   const [animation, setAnimation] = useState(false);\n   const [formData, setFormData] = useState({\n-    email: user.email || '',\n+    email: user?.email || '',\n     username: '',\n     underDesi: false,\n     wagered: false,\n   });\n@@ -37,19 +37,21 @@\n   useEffect(() => {\n     // Check if the claim is already submitted\n     const checkClaimStatus = async () => {\n       try {\n-        const response = await axios.get(`http://localhost:5124/api/user?id=${user.id}`);\n-        if (response.data.claim) {\n-          setIsClaimSubmitted(true);\n+        if (user && user.id) {\n+          const response = await axios.get(`http://localhost:5124/api/user?id=${user.id}`);\n+          if (response.data.claim) {\n+            setIsClaimSubmitted(true);\n+          }\n         }\n       } catch (error) {\n         console.error('Error checking claim status', error);\n       }\n     };\n \n     checkClaimStatus();\n-  }, [user.id]);\n+  }, [user]);\n \n   if (!user) return null;\n \n   const handleOptionClick = (option) => {\n@@ -166,10 +168,10 @@\n                   </div>\n                 </div>\n                 {isClaimSubmitted ? (\n                   <Stack sx={{ width: '100%' }} spacing={2}>\n-      <Alert severity=\"success\">This is a success Alert.</Alert>\n-      </Stack>\n+                    <Alert severity=\"success\">This is a success Alert.</Alert>\n+                  </Stack>\n                 ) : (\n                   <>\n                     <div style={{ marginBottom: '10px', textAlign: 'left' }}>\n                       <h4 style={{ marginBottom: '5px' }}>Username</h4>\n"
                },
                {
                    "date": 1722161128153,
                    "content": "Index: \n===================================================================\n--- \n+++ \n@@ -168,9 +168,9 @@\n                   </div>\n                 </div>\n                 {isClaimSubmitted ? (\n                   <Stack sx={{ width: '100%' }} spacing={2}>\n-                    <Alert severity=\"success\">This is a success Alert.</Alert>\n+                    <Alert severity=\"success\">You've already submitted the claim form.</Alert>\n                   </Stack>\n                 ) : (\n                   <>\n                     <div style={{ marginBottom: '10px', textAlign: 'left' }}>\n"
                },
                {
                    "date": 1722161195688,
                    "content": "Index: \n===================================================================\n--- \n+++ \n@@ -168,9 +168,9 @@\n                   </div>\n                 </div>\n                 {isClaimSubmitted ? (\n                   <Stack sx={{ width: '100%' }} spacing={2}>\n-                    <Alert severity=\"success\">You've already submitted the claim form.</Alert>\n+                    <Alert variant=\"outlined\" severity=\"success\">You've already submitted the claim form.</Alert>\n                   </Stack>\n                 ) : (\n                   <>\n                     <div style={{ marginBottom: '10px', textAlign: 'left' }}>\n"
                },
                {
                    "date": 1722161260544,
                    "content": "Index: \n===================================================================\n--- \n+++ \n@@ -168,9 +168,9 @@\n                   </div>\n                 </div>\n                 {isClaimSubmitted ? (\n                   <Stack sx={{ width: '100%' }} spacing={2}>\n-                    <Alert variant=\"outlined\" severity=\"success\">You've already submitted the claim form.</Alert>\n+                    <Alert color=\"success\" severity=\"success\">You've already submitted the claim form.</Alert>\n                   </Stack>\n                 ) : (\n                   <>\n                     <div style={{ marginBottom: '10px', textAlign: 'left' }}>\n"
                },
                {
                    "date": 1722161389970,
                    "content": "Index: \n===================================================================\n--- \n+++ \n@@ -3,11 +3,9 @@\n import { Close } from '@mui/icons-material';\n import axios from 'axios';\n import Alert from '@mui/material/Alert';\n import Stack from '@mui/material/Stack';\n-import Button from '@mui/material/Button';\n-import Snackbar from '@mui/material/Snackbar';\n-import Alert from '@mui/material/Alert';\n+\n const ProfileModal = ({ isOpen, onRequestClose, user }) => {\n   const [activeOption, setActiveOption] = useState('Home');\n   const [animation, setAnimation] = useState(false);\n   const [formData, setFormData] = useState({\n"
                }
            ],
            "date": 1722158738743,
            "name": "Commit-0",
            "content": "import React, { useEffect, useState } from 'react';\nimport Modal from 'react-modal';\nimport { Close } from '@mui/icons-material';\nimport axios from 'axios';\n\nconst ProfileModal = ({ isOpen, onRequestClose, user }) => {\n  const [activeOption, setActiveOption] = useState('Home');\n  const [animation, setAnimation] = useState(false);\n  const [formData, setFormData] = useState({\n    email: user.email,\n    username: '',\n    underDesi: false,\n    wagered: false,\n  });\n  const [formError, setFormError] = useState('');\n\n  useEffect(() => {\n    if (isOpen) {\n      document.body.style.overflow = 'hidden'; // Disable scrolling\n    } else {\n      document.body.style.overflow = 'auto'; // Enable scrolling\n    }\n    return () => {\n      document.body.style.overflow = 'auto'; // Clean up on unmount\n    };\n  }, [isOpen]);\n\n  useEffect(() => {\n    setAnimation(true);\n    const timer = setTimeout(() => setAnimation(false), 500); // Match duration with CSS transition\n    return () => clearTimeout(timer);\n  }, [activeOption]);\n\n  if (!user) return null;\n\n  const handleOptionClick = (option) => {\n    setActiveOption(option);\n  };\n\n  const handleInputChange = (e) => {\n    const { name, value, type, checked } = e.target;\n    setFormData((prevData) => ({\n      ...prevData,\n      [name]: type === 'checkbox' ? checked : value,\n    }));\n  };\n\n  const handleSubmit = async () => {\n    if (!formData.username || !formData.underDesi || !formData.wagered) {\n      setFormError('All fields must be filled out');\n      return;\n    }\n\n    setFormError('');\n\n    try {\n      const response = await axios.post('http://localhost:5124/api/send', formData);\n      console.log('Claim profile submitted', response.data);\n      onRequestClose();\n    } catch (error) {\n      console.error('Error submitting claim profile', error);\n      setFormError('Error submitting claim profile');\n    }\n  };\n\n  return (\n    <Modal\n      isOpen={isOpen}\n      onRequestClose={onRequestClose}\n      style={{\n        content: {\n          width: '400px',\n          height: 'auto',\n          margin: 'auto',\n          borderRadius: '10px',\n          background: 'linear-gradient(317deg, #000000, #166D3B)',\n          color: 'white',\n          padding: '0',\n          overflow: 'hidden',\n        },\n        overlay: {\n          backgroundColor: 'rgba(0, 0, 0, 0.75)',\n        },\n      }}\n    >\n      <div style={{ position: 'relative' }}>\n        <div style={{\n          backgroundImage: 'url(\"https://cdn.pixabay.com/photo/2022/06/23/17/13/ball-7280265_1280.jpg\")',\n          backgroundSize: 'cover',\n          backgroundPosition: 'center',\n          height: '150px',\n        }}></div>\n        <div style={{ position: 'absolute', top: '10px', right: '10px', cursor: 'pointer' }} onClick={onRequestClose}>\n          <Close style={{ color: 'white' }} />\n        </div>\n        <div style={{ padding: '20px', marginTop: '-70px', zIndex: 1, position: 'relative' }}>\n          <div\n            style={{\n              transition: 'opacity 0.5s ease, transform 0.5s ease',\n              opacity: animation ? 0 : 1,\n              transform: animation ? 'translateX(20px)' : 'translateX(0)',\n            }}\n          >\n            {activeOption === 'Home' ? (\n              <div style={{ textAlign: 'center' }}>\n                <h2 style={{ marginBottom: '10px' }}>My Profile</h2>\n                <div style={{ display: 'flex', flexDirection: 'column', alignItems: 'center', marginBottom: '10px' }}>\n                  <img\n                    src={`https://cdn.discordapp.com/avatars/${user.id}/${user.avatar}.png`}\n                    alt='User Avatar'\n                    style={{ width: '100px', height: '100px', borderRadius: '50%', marginBottom: '10px', border: '4px solid white', transition: 'all 0.5s ease' }}\n                  />\n                  <h3 style={{ fontSize: '20px', marginBottom: '5px' }}>{user.global_name}</h3>\n                  <p style={{ marginBottom: '10px', fontSize: '14px' }}>Joined: {new Date(user.joined).toLocaleDateString()}</p>\n                </div>\n                <div style={{ marginBottom: '10px', textAlign: 'left' }}>\n                  <h4 style={{ marginBottom: '5px' }}>Contact</h4>\n                  <div style={{\n                    backgroundColor: '#000000',\n                    padding: '5px 10px',\n                    borderRadius: '10px',\n                    color: 'white',\n                    textAlign: 'center',\n                  }}>\n                    <p>Email: {user.email}</p>\n                  </div>\n                </div>\n              </div>\n            ) : (\n              <div style={{ textAlign: 'center' }}>\n                <h2 style={{ marginBottom: '10px' }}>Claim Profile</h2>\n                <img\n                  src={`https://cdn.discordapp.com/avatars/${user.id}/${user.avatar}.png`}\n                  alt='User Avatar'\n                  style={{ width: '100px', height: '100px', borderRadius: '50%', marginBottom: '10px', border: '4px solid white', transition: 'all 0.5s ease', transform: 'translateY(-30px)' }}\n                />\n                <div style={{ marginBottom: '10px', textAlign: 'left' }}>\n                  <h4 style={{ marginBottom: '5px' }}>Contact</h4>\n                  <div style={{\n                    backgroundColor: '#000000',\n                    padding: '5px 10px',\n                    borderRadius: '10px',\n                    color: 'white',\n                    textAlign: 'center',\n                  }}>\n                    <p>Email: {user.email}</p>\n                  </div>\n                </div>\n                <div style={{ marginBottom: '10px', textAlign: 'left' }}>\n                  <h4 style={{ marginBottom: '5px' }}>Username</h4>\n                  <input\n                    type=\"text\"\n                    name=\"username\"\n                    value={formData.username}\n                    onChange={handleInputChange}\n                    style={{\n                      backgroundColor: '#000000',\n                      padding: '5px 10px',\n                      borderRadius: '10px',\n                      color: 'white',\n                      width: '100%',\n                      border: 'none',\n                      outline: 'none',\n                      textAlign: 'center',\n                    }}\n                    placeholder=\"Enter your username\"\n                  />\n                </div>\n                <div style={{ marginBottom: '10px', textAlign: 'left' }}>\n                  <h4 style={{ marginBottom: '5px' }}>Are you under \"desi2023\"?</h4>\n                  <label style={{\n                    display: 'flex',\n                    alignItems: 'center',\n                    gap: '10px',\n                    backgroundColor: '#000000',\n                    padding: '5px 10px',\n                    borderRadius: '10px',\n                    color: 'white',\n                  }}>\n                    <input type=\"checkbox\" name=\"underDesi\" checked={formData.underDesi} onChange={handleInputChange} style={{ transform: 'scale(0.8)' }} />\n                    <span>Yes</span>\n                  </label>\n                </div>\n                <div style={{ marginBottom: '10px', textAlign: 'left' }}>\n                  <h4 style={{ marginBottom: '5px' }}>Have you deposited and wagered $35?</h4>\n                  <label style={{\n                    display: 'flex',\n                    alignItems: 'center',\n                    gap: '10px',\n                    backgroundColor: '#000000',\n                    padding: '5px 10px',\n                    borderRadius: '10px',\n                    color: 'white',\n                  }}>\n                    <input type=\"checkbox\" name=\"wagered\" checked={formData.wagered} onChange={handleInputChange} style={{ transform: 'scale(0.8)' }} />\n                    <span>Yes</span>\n                  </label>\n                </div>\n                {formError && <p style={{ color: 'red', textAlign: 'center' }}>{formError}</p>}\n                <button\n                  onClick={handleSubmit}\n                  style={{\n                    background: '#166D3B',\n                    color: 'white',\n                    padding: '10px 20px',\n                    borderRadius: '10px',\n                    border: 'none',\n                    cursor: 'pointer',\n                    fontSize: '14px',\n                    marginTop: '10px',\n                    transition: 'background 0.3s ease',\n                  }}\n                >\n                  Submit\n                </button>\n              </div>\n            )}\n          </div>\n          <div\n            style={{\n              display: 'flex',\n              justifyContent: 'center',\n              gap: '10px',\n              marginTop: '10px',\n            }}\n          >\n            <button\n              onClick={() => handleOptionClick('Home')}\n              style={{\n                background: activeOption === 'Home' ? '#166D3B' : 'transparent',\n                color: activeOption === 'Home' ? 'white' : '#166D3B',\n                padding: '10px 20px',\n                borderRadius: '10px',\n                border: '1px solid #166D3B',\n                cursor: 'pointer',\n                fontSize: '14px',\n                transition: 'background 0.3s ease',\n              }}\n            >\n              Home\n            </button>\n            <button\n              onClick={() => handleOptionClick('Claim')}\n              style={{\n                background: activeOption === 'Claim' ? '#166D3B' : 'transparent',\n                color: activeOption === 'Claim' ? 'white' : '#166D3B',\n                padding: '10px 20px',\n                borderRadius: '10px',\n                border: '1px solid #166D3B',\n                cursor: 'pointer',\n                fontSize: '14px',\n                transition: 'background 0.3s ease',\n              }}\n            >\n              Claim\n            </button>\n          </div>\n        </div>\n      </div>\n    </Modal>\n  );\n};\n\nexport default ProfileModal;\n"
        }
    ]
}