{
    "sourceFile": "src/components/Proof.jsx",
    "activeCommit": 0,
    "commits": [
        {
            "activePatchIndex": 20,
            "patches": [
                {
                    "date": 1722595578689,
                    "content": "Index: \n===================================================================\n--- \n+++ \n"
                },
                {
                    "date": 1722596373590,
                    "content": "Index: \n===================================================================\n--- \n+++ \n@@ -4,11 +4,11 @@\n const Proof = () => {\n   return (\n     <section id='proof' className={`${styles.flexCenter} ${styles.paddingY}`}>\n       <div className={`${styles.boxWidth}`}>\n-        <h1 className='font-poppins font-semibold text-[36px] leading-[56px] text-center'>\n-          Proof\n-        </h1>\n+      <h1 className='font-poppins font-semibold ss:text-[72px] text-[52px] ss:leading-[100.8px] leading-[75px]'>\n+              Desi<span className='text-gradient'>Gamblers</span>.\n+            </h1>\n         <p className={`${styles.paragraph} max-w-[470px] mt-5 mx-auto text-center`}>\n           Here you can see all the proofs of our activities and achievements.\n         </p>\n       </div>\n"
                },
                {
                    "date": 1722596387685,
                    "content": "Index: \n===================================================================\n--- \n+++ \n@@ -5,9 +5,9 @@\n   return (\n     <section id='proof' className={`${styles.flexCenter} ${styles.paddingY}`}>\n       <div className={`${styles.boxWidth}`}>\n       <h1 className='font-poppins font-semibold ss:text-[72px] text-[52px] ss:leading-[100.8px] leading-[75px]'>\n-              Desi<span className='text-gradient'>Gamblers</span>.\n+             <span className='text-gradient'>Proof</span>.\n             </h1>\n         <p className={`${styles.paragraph} max-w-[470px] mt-5 mx-auto text-center`}>\n           Here you can see all the proofs of our activities and achievements.\n         </p>\n"
                },
                {
                    "date": 1722596396730,
                    "content": "Index: \n===================================================================\n--- \n+++ \n@@ -4,9 +4,9 @@\n const Proof = () => {\n   return (\n     <section id='proof' className={`${styles.flexCenter} ${styles.paddingY}`}>\n       <div className={`${styles.boxWidth}`}>\n-      <h1 className='font-poppins font-semibold ss:text-[72px] text-[52px] ss:leading-[100.8px] leading-[75px]'>\n+      <h1 className='font-poppins font-semibold ss:text-[72px] text-[52px] ss:leading-[100.8px] leading-[75px] mx auto'>\n              <span className='text-gradient'>Proof</span>.\n             </h1>\n         <p className={`${styles.paragraph} max-w-[470px] mt-5 mx-auto text-center`}>\n           Here you can see all the proofs of our activities and achievements.\n"
                },
                {
                    "date": 1722596426040,
                    "content": "Index: \n===================================================================\n--- \n+++ \n@@ -4,9 +4,9 @@\n const Proof = () => {\n   return (\n     <section id='proof' className={`${styles.flexCenter} ${styles.paddingY}`}>\n       <div className={`${styles.boxWidth}`}>\n-      <h1 className='font-poppins font-semibold ss:text-[72px] text-[52px] ss:leading-[100.8px] leading-[75px] mx auto'>\n+      <h1 className='font-poppins font-semibold ss:text-[72px] text-[52px] ss:leading-[100.8px] leading-[75px] mx-auto text-center'>\n              <span className='text-gradient'>Proof</span>.\n             </h1>\n         <p className={`${styles.paragraph} max-w-[470px] mt-5 mx-auto text-center`}>\n           Here you can see all the proofs of our activities and achievements.\n"
                },
                {
                    "date": 1722596598031,
                    "content": "Index: \n===================================================================\n--- \n+++ \n@@ -1,17 +1,39 @@\n import React from 'react';\n import styles from '../style';\n \n const Proof = () => {\n+  // Replace with your actual video URLs\n+  const videoUrls = [\n+    'https://example.com/video1.mp4',\n+    'https://example.com/video2.mp4',\n+    'https://example.com/video3.mp4',\n+    'https://example.com/video4.mp4',\n+    'https://example.com/video5.mp4',\n+    'https://example.com/video6.mp4',\n+    'https://example.com/video7.mp4',\n+    'https://example.com/video8.mp4'\n+  ];\n+\n   return (\n     <section id='proof' className={`${styles.flexCenter} ${styles.paddingY}`}>\n       <div className={`${styles.boxWidth}`}>\n-      <h1 className='font-poppins font-semibold ss:text-[72px] text-[52px] ss:leading-[100.8px] leading-[75px] mx-auto text-center'>\n-             <span className='text-gradient'>Proof</span>.\n-            </h1>\n+        <h1 className='font-poppins font-semibold ss:text-[72px] text-[52px] ss:leading-[100.8px] leading-[75px] mx-auto text-center'>\n+          <span className='text-gradient'>Proof</span>.\n+        </h1>\n         <p className={`${styles.paragraph} max-w-[470px] mt-5 mx-auto text-center`}>\n           Here you can see all the proofs of our activities and achievements.\n         </p>\n+        <div className='grid grid-cols-1 sm:grid-cols-2 md:grid-cols-4 gap-4 mt-8'>\n+          {videoUrls.map((url, index) => (\n+            <div key={index} className='w-full'>\n+              <video className='w-full h-auto' controls>\n+                <source src={url} type='video/mp4' />\n+                Your browser does not support the video tag.\n+              </video>\n+            </div>\n+          ))}\n+        </div>\n       </div>\n     </section>\n   );\n }\n"
                },
                {
                    "date": 1722596646415,
                    "content": "Index: \n===================================================================\n--- \n+++ \n@@ -3,9 +3,9 @@\n \n const Proof = () => {\n   // Replace with your actual video URLs\n   const videoUrls = [\n-    'https://example.com/video1.mp4',\n+    'https://cdn.discordapp.com/attachments/1222038507284074521/1265496544006897664/VID_20240721_154212_275_1.mp4?ex=66ad967f&is=66ac44ff&hm=9e45e7fa61f6323e51ce1b81a3faf8f541899a32d095f80b59fd008f35fc5e7a&',\n     'https://example.com/video2.mp4',\n     'https://example.com/video3.mp4',\n     'https://example.com/video4.mp4',\n     'https://example.com/video5.mp4',\n"
                },
                {
                    "date": 1722596713765,
                    "content": "Index: \n===================================================================\n--- \n+++ \n@@ -3,9 +3,9 @@\n \n const Proof = () => {\n   // Replace with your actual video URLs\n   const videoUrls = [\n-    'https://cdn.discordapp.com/attachments/1222038507284074521/1265496544006897664/VID_20240721_154212_275_1.mp4?ex=66ad967f&is=66ac44ff&hm=9e45e7fa61f6323e51ce1b81a3faf8f541899a32d095f80b59fd008f35fc5e7a&',\n+    'https://example.com/video1.mp4',\n     'https://example.com/video2.mp4',\n     'https://example.com/video3.mp4',\n     'https://example.com/video4.mp4',\n     'https://example.com/video5.mp4',\n@@ -24,10 +24,10 @@\n           Here you can see all the proofs of our activities and achievements.\n         </p>\n         <div className='grid grid-cols-1 sm:grid-cols-2 md:grid-cols-4 gap-4 mt-8'>\n           {videoUrls.map((url, index) => (\n-            <div key={index} className='w-full'>\n-              <video className='w-full h-auto' controls>\n+            <div key={index} className='w-full flex justify-center'>\n+              <video className='w-40 h-auto' controls>\n                 <source src={url} type='video/mp4' />\n                 Your browser does not support the video tag.\n               </video>\n             </div>\n"
                },
                {
                    "date": 1722596734420,
                    "content": "Index: \n===================================================================\n--- \n+++ \n@@ -22,9 +22,9 @@\n         </h1>\n         <p className={`${styles.paragraph} max-w-[470px] mt-5 mx-auto text-center`}>\n           Here you can see all the proofs of our activities and achievements.\n         </p>\n-        <div className='grid grid-cols-1 sm:grid-cols-2 md:grid-cols-4 gap-4 mt-8'>\n+        <div className='grid grid-cols-1 sm:grid-cols-2 md:grid-cols-10 gap-4 mt-8'>\n           {videoUrls.map((url, index) => (\n             <div key={index} className='w-full flex justify-center'>\n               <video className='w-40 h-auto' controls>\n                 <source src={url} type='video/mp4' />\n"
                },
                {
                    "date": 1722596754956,
                    "content": "Index: \n===================================================================\n--- \n+++ \n@@ -22,12 +22,12 @@\n         </h1>\n         <p className={`${styles.paragraph} max-w-[470px] mt-5 mx-auto text-center`}>\n           Here you can see all the proofs of our activities and achievements.\n         </p>\n-        <div className='grid grid-cols-1 sm:grid-cols-2 md:grid-cols-10 gap-4 mt-8'>\n+        <div className='grid grid-cols-1 sm:grid-cols-2 md:grid-cols-4 gap-4 mt-8'>\n           {videoUrls.map((url, index) => (\n             <div key={index} className='w-full flex justify-center'>\n-              <video className='w-40 h-auto' controls>\n+              <video className='w-60 h-auto' controls>\n                 <source src={url} type='video/mp4' />\n                 Your browser does not support the video tag.\n               </video>\n             </div>\n"
                },
                {
                    "date": 1722596787055,
                    "content": "Index: \n===================================================================\n--- \n+++ \n@@ -3,9 +3,9 @@\n \n const Proof = () => {\n   // Replace with your actual video URLs\n   const videoUrls = [\n-    'https://example.com/video1.mp4',\n+    'https://cdn.discordapp.com/attachments/1222038507284074521/1265496544006897664/VID_20240721_154212_275_1.mp4?ex=66ad967f&is=66ac44ff&hm=9e45e7fa61f6323e51ce1b81a3faf8f541899a32d095f80b59fd008f35fc5e7a&',\n     'https://example.com/video2.mp4',\n     'https://example.com/video3.mp4',\n     'https://example.com/video4.mp4',\n     'https://example.com/video5.mp4',\n"
                },
                {
                    "date": 1722596814406,
                    "content": "Index: \n===================================================================\n--- \n+++ \n@@ -4,9 +4,9 @@\n const Proof = () => {\n   // Replace with your actual video URLs\n   const videoUrls = [\n     'https://cdn.discordapp.com/attachments/1222038507284074521/1265496544006897664/VID_20240721_154212_275_1.mp4?ex=66ad967f&is=66ac44ff&hm=9e45e7fa61f6323e51ce1b81a3faf8f541899a32d095f80b59fd008f35fc5e7a&',\n-    'https://example.com/video2.mp4',\n+    'https://cdn.discordapp.com/attachments/1222038507284074521/1265496930356826163/VID_20240721_154243_566.mp4?ex=66ad96db&is=66ac455b&hm=5ec2c3e2793a718d8e829758239c84e192458e54796cab9a04d5eb6b911984ed&',\n     'https://example.com/video3.mp4',\n     'https://example.com/video4.mp4',\n     'https://example.com/video5.mp4',\n     'https://example.com/video6.mp4',\n"
                },
                {
                    "date": 1722596844300,
                    "content": "Index: \n===================================================================\n--- \n+++ \n@@ -5,10 +5,10 @@\n   // Replace with your actual video URLs\n   const videoUrls = [\n     'https://cdn.discordapp.com/attachments/1222038507284074521/1265496544006897664/VID_20240721_154212_275_1.mp4?ex=66ad967f&is=66ac44ff&hm=9e45e7fa61f6323e51ce1b81a3faf8f541899a32d095f80b59fd008f35fc5e7a&',\n     'https://cdn.discordapp.com/attachments/1222038507284074521/1265496930356826163/VID_20240721_154243_566.mp4?ex=66ad96db&is=66ac455b&hm=5ec2c3e2793a718d8e829758239c84e192458e54796cab9a04d5eb6b911984ed&',\n-    'https://example.com/video3.mp4',\n-    'https://example.com/video4.mp4',\n+    'https://cdn.discordapp.com/attachments/1222038507284074521/1265497158220644453/VID_20240721_154258_539.mp4?ex=66ad9712&is=66ac4592&hm=33b2eaca494c1c0ea2d429f2b78991afa68f5876647944dc66521ff2a0423aae&',\n+    'https://cdn.discordapp.com/attachments/1222038507284074521/1265497430862856233/VID_20240721_154315_269.mp4?ex=66ad9753&is=66ac45d3&hm=e8fd3e2b2a899c5a2b850f5d52620c9c0d701632fd29ff6198be9bb8648b856a&',\n     'https://example.com/video5.mp4',\n     'https://example.com/video6.mp4',\n     'https://example.com/video7.mp4',\n     'https://example.com/video8.mp4'\n"
                },
                {
                    "date": 1722596855235,
                    "content": "Index: \n===================================================================\n--- \n+++ \n@@ -7,9 +7,9 @@\n     'https://cdn.discordapp.com/attachments/1222038507284074521/1265496544006897664/VID_20240721_154212_275_1.mp4?ex=66ad967f&is=66ac44ff&hm=9e45e7fa61f6323e51ce1b81a3faf8f541899a32d095f80b59fd008f35fc5e7a&',\n     'https://cdn.discordapp.com/attachments/1222038507284074521/1265496930356826163/VID_20240721_154243_566.mp4?ex=66ad96db&is=66ac455b&hm=5ec2c3e2793a718d8e829758239c84e192458e54796cab9a04d5eb6b911984ed&',\n     'https://cdn.discordapp.com/attachments/1222038507284074521/1265497158220644453/VID_20240721_154258_539.mp4?ex=66ad9712&is=66ac4592&hm=33b2eaca494c1c0ea2d429f2b78991afa68f5876647944dc66521ff2a0423aae&',\n     'https://cdn.discordapp.com/attachments/1222038507284074521/1265497430862856233/VID_20240721_154315_269.mp4?ex=66ad9753&is=66ac45d3&hm=e8fd3e2b2a899c5a2b850f5d52620c9c0d701632fd29ff6198be9bb8648b856a&',\n-    'https://example.com/video5.mp4',\n+    'https://cdn.discordapp.com/attachments/1222038507284074521/1265498241835995229/VID_20240721_144310_751.mp4?ex=66ad9814&is=66ac4694&hm=04e6933c734e67189740cc997946e0439957a279bab72250d353e75d52aed7e8&',\n     'https://example.com/video6.mp4',\n     'https://example.com/video7.mp4',\n     'https://example.com/video8.mp4'\n   ];\n"
                },
                {
                    "date": 1722596867556,
                    "content": "Index: \n===================================================================\n--- \n+++ \n@@ -8,9 +8,9 @@\n     'https://cdn.discordapp.com/attachments/1222038507284074521/1265496930356826163/VID_20240721_154243_566.mp4?ex=66ad96db&is=66ac455b&hm=5ec2c3e2793a718d8e829758239c84e192458e54796cab9a04d5eb6b911984ed&',\n     'https://cdn.discordapp.com/attachments/1222038507284074521/1265497158220644453/VID_20240721_154258_539.mp4?ex=66ad9712&is=66ac4592&hm=33b2eaca494c1c0ea2d429f2b78991afa68f5876647944dc66521ff2a0423aae&',\n     'https://cdn.discordapp.com/attachments/1222038507284074521/1265497430862856233/VID_20240721_154315_269.mp4?ex=66ad9753&is=66ac45d3&hm=e8fd3e2b2a899c5a2b850f5d52620c9c0d701632fd29ff6198be9bb8648b856a&',\n     'https://cdn.discordapp.com/attachments/1222038507284074521/1265498241835995229/VID_20240721_144310_751.mp4?ex=66ad9814&is=66ac4694&hm=04e6933c734e67189740cc997946e0439957a279bab72250d353e75d52aed7e8&',\n-    'https://example.com/video6.mp4',\n+    'https://cdn.discordapp.com/attachments/1222038507284074521/1265498359758721127/video-output-D4C06822-94DE-47F0-8ADF-404E12E16F33.mov?ex=66ad9830&is=66ac46b0&hm=8def6db826bbf233be762e70b39ec4fbf5f55c721efc9b48f4cc60e91759bfca&',\n     'https://example.com/video7.mp4',\n     'https://example.com/video8.mp4'\n   ];\n \n"
                },
                {
                    "date": 1722596879215,
                    "content": "Index: \n===================================================================\n--- \n+++ \n@@ -9,9 +9,9 @@\n     'https://cdn.discordapp.com/attachments/1222038507284074521/1265497158220644453/VID_20240721_154258_539.mp4?ex=66ad9712&is=66ac4592&hm=33b2eaca494c1c0ea2d429f2b78991afa68f5876647944dc66521ff2a0423aae&',\n     'https://cdn.discordapp.com/attachments/1222038507284074521/1265497430862856233/VID_20240721_154315_269.mp4?ex=66ad9753&is=66ac45d3&hm=e8fd3e2b2a899c5a2b850f5d52620c9c0d701632fd29ff6198be9bb8648b856a&',\n     'https://cdn.discordapp.com/attachments/1222038507284074521/1265498241835995229/VID_20240721_144310_751.mp4?ex=66ad9814&is=66ac4694&hm=04e6933c734e67189740cc997946e0439957a279bab72250d353e75d52aed7e8&',\n     'https://cdn.discordapp.com/attachments/1222038507284074521/1265498359758721127/video-output-D4C06822-94DE-47F0-8ADF-404E12E16F33.mov?ex=66ad9830&is=66ac46b0&hm=8def6db826bbf233be762e70b39ec4fbf5f55c721efc9b48f4cc60e91759bfca&',\n-    'https://example.com/video7.mp4',\n+    'https://cdn.discordapp.com/attachments/1222038507284074521/1265498625459359754/WhatsApp_Video_2024-06-28_at_5.29.05_PM.mp4?ex=66ad9870&is=66ac46f0&hm=851954022b630ddecfc813a6bb5bb669f82c76628679c459dd98784ada507d8f&',\n     'https://example.com/video8.mp4'\n   ];\n \n   return (\n"
                },
                {
                    "date": 1722596900426,
                    "content": "Index: \n===================================================================\n--- \n+++ \n@@ -10,9 +10,9 @@\n     'https://cdn.discordapp.com/attachments/1222038507284074521/1265497430862856233/VID_20240721_154315_269.mp4?ex=66ad9753&is=66ac45d3&hm=e8fd3e2b2a899c5a2b850f5d52620c9c0d701632fd29ff6198be9bb8648b856a&',\n     'https://cdn.discordapp.com/attachments/1222038507284074521/1265498241835995229/VID_20240721_144310_751.mp4?ex=66ad9814&is=66ac4694&hm=04e6933c734e67189740cc997946e0439957a279bab72250d353e75d52aed7e8&',\n     'https://cdn.discordapp.com/attachments/1222038507284074521/1265498359758721127/video-output-D4C06822-94DE-47F0-8ADF-404E12E16F33.mov?ex=66ad9830&is=66ac46b0&hm=8def6db826bbf233be762e70b39ec4fbf5f55c721efc9b48f4cc60e91759bfca&',\n     'https://cdn.discordapp.com/attachments/1222038507284074521/1265498625459359754/WhatsApp_Video_2024-06-28_at_5.29.05_PM.mp4?ex=66ad9870&is=66ac46f0&hm=851954022b630ddecfc813a6bb5bb669f82c76628679c459dd98784ada507d8f&',\n-    'https://example.com/video8.mp4'\n+    'https://cdn.discordapp.com/attachments/1222038507284074521/1265499592942944318/VID_21281110_170827_982.mp4?ex=66ad9956&is=66ac47d6&hm=a9291ad789842928757727b673f167388f01127488997d0e79d978d95caf20cd&'\n   ];\n \n   return (\n     <section id='proof' className={`${styles.flexCenter} ${styles.paddingY}`}>\n"
                },
                {
                    "date": 1722597098461,
                    "content": "Index: \n===================================================================\n--- \n+++ \n@@ -1,7 +1,12 @@\n-import React from 'react';\n+import React, { Suspense, lazy } from 'react';\n import styles from '../style';\n+import Skeleton from 'react-loading-skeleton';\n+import 'react-loading-skeleton/dist/skeleton.css';\n \n+// Lazy load the video component\n+const LazyVideo = lazy(() => import('./LazyVideo'));\n+\n const Proof = () => {\n   // Replace with your actual video URLs\n   const videoUrls = [\n     'https://cdn.discordapp.com/attachments/1222038507284074521/1265496544006897664/VID_20240721_154212_275_1.mp4?ex=66ad967f&is=66ac44ff&hm=9e45e7fa61f6323e51ce1b81a3faf8f541899a32d095f80b59fd008f35fc5e7a&',\n@@ -25,12 +30,11 @@\n         </p>\n         <div className='grid grid-cols-1 sm:grid-cols-2 md:grid-cols-4 gap-4 mt-8'>\n           {videoUrls.map((url, index) => (\n             <div key={index} className='w-full flex justify-center'>\n-              <video className='w-60 h-auto' controls>\n-                <source src={url} type='video/mp4' />\n-                Your browser does not support the video tag.\n-              </video>\n+              <Suspense fallback={<Skeleton height={200} width={150} />}>\n+                <LazyVideo url={url} />\n+              </Suspense>\n             </div>\n           ))}\n         </div>\n       </div>\n"
                },
                {
                    "date": 1722597365071,
                    "content": "Index: \n===================================================================\n--- \n+++ \n@@ -1,12 +1,7 @@\n-import React, { Suspense, lazy } from 'react';\n+import React from 'react';\n import styles from '../style';\n-import Skeleton from 'react-loading-skeleton';\n-import 'react-loading-skeleton/dist/skeleton.css';\n \n-// Lazy load the video component\n-const LazyVideo = lazy(() => import('./LazyVideo'));\n-\n const Proof = () => {\n   // Replace with your actual video URLs\n   const videoUrls = [\n     'https://cdn.discordapp.com/attachments/1222038507284074521/1265496544006897664/VID_20240721_154212_275_1.mp4?ex=66ad967f&is=66ac44ff&hm=9e45e7fa61f6323e51ce1b81a3faf8f541899a32d095f80b59fd008f35fc5e7a&',\n@@ -19,9 +14,10 @@\n     'https://cdn.discordapp.com/attachments/1222038507284074521/1265499592942944318/VID_21281110_170827_982.mp4?ex=66ad9956&is=66ac47d6&hm=a9291ad789842928757727b673f167388f01127488997d0e79d978d95caf20cd&'\n   ];\n \n   return (\n-    <section id='proof' className={`${styles.flexCenter} ${styles.paddingY}`}>\n+    <section id='proof' className={`${styles.flexCenter} ${styles.paddingY} relative`}>\n+      <div className='absolute inset-0 bg-cover bg-center' style={{ backgroundImage: `url(https://wallpapers.com/images/hd/dark-laptop-abstract-smoke-background-41z3e057yvjcei8n.jpg)`, filter: 'blur(8px)', zIndex: -1 }} />\n       <div className={`${styles.boxWidth}`}>\n         <h1 className='font-poppins font-semibold ss:text-[72px] text-[52px] ss:leading-[100.8px] leading-[75px] mx-auto text-center'>\n           <span className='text-gradient'>Proof</span>.\n         </h1>\n@@ -30,11 +26,12 @@\n         </p>\n         <div className='grid grid-cols-1 sm:grid-cols-2 md:grid-cols-4 gap-4 mt-8'>\n           {videoUrls.map((url, index) => (\n             <div key={index} className='w-full flex justify-center'>\n-              <Suspense fallback={<Skeleton height={200} width={150} />}>\n-                <LazyVideo url={url} />\n-              </Suspense>\n+              <video className='w-40 h-72 object-cover' controls>\n+                <source src={url} type='video/mp4' />\n+                Your browser does not support the video tag.\n+              </video>\n             </div>\n           ))}\n         </div>\n       </div>\n"
                },
                {
                    "date": 1722597751426,
                    "content": "Index: \n===================================================================\n--- \n+++ \n@@ -1,9 +1,8 @@\n import React from 'react';\n import styles from '../style';\n \n const Proof = () => {\n-  // Replace with your actual video URLs\n   const videoUrls = [\n     'https://cdn.discordapp.com/attachments/1222038507284074521/1265496544006897664/VID_20240721_154212_275_1.mp4?ex=66ad967f&is=66ac44ff&hm=9e45e7fa61f6323e51ce1b81a3faf8f541899a32d095f80b59fd008f35fc5e7a&',\n     'https://cdn.discordapp.com/attachments/1222038507284074521/1265496930356826163/VID_20240721_154243_566.mp4?ex=66ad96db&is=66ac455b&hm=5ec2c3e2793a718d8e829758239c84e192458e54796cab9a04d5eb6b911984ed&',\n     'https://cdn.discordapp.com/attachments/1222038507284074521/1265497158220644453/VID_20240721_154258_539.mp4?ex=66ad9712&is=66ac4592&hm=33b2eaca494c1c0ea2d429f2b78991afa68f5876647944dc66521ff2a0423aae&',\n@@ -14,11 +13,11 @@\n     'https://cdn.discordapp.com/attachments/1222038507284074521/1265499592942944318/VID_21281110_170827_982.mp4?ex=66ad9956&is=66ac47d6&hm=a9291ad789842928757727b673f167388f01127488997d0e79d978d95caf20cd&'\n   ];\n \n   return (\n-    <section id='proof' className={`${styles.flexCenter} ${styles.paddingY} relative`}>\n-      <div className='absolute inset-0 bg-cover bg-center' style={{ backgroundImage: `url(https://wallpapers.com/images/hd/dark-laptop-abstract-smoke-background-41z3e057yvjcei8n.jpg)`, filter: 'blur(8px)', zIndex: -1 }} />\n-      <div className={`${styles.boxWidth}`}>\n+    <section id='proof' className='relative'>\n+      <div className='absolute inset-0 -z-10 blur-background' />\n+      <div className={`${styles.boxWidth} relative z-10`}>\n         <h1 className='font-poppins font-semibold ss:text-[72px] text-[52px] ss:leading-[100.8px] leading-[75px] mx-auto text-center'>\n           <span className='text-gradient'>Proof</span>.\n         </h1>\n         <p className={`${styles.paragraph} max-w-[470px] mt-5 mx-auto text-center`}>\n@@ -26,16 +25,29 @@\n         </p>\n         <div className='grid grid-cols-1 sm:grid-cols-2 md:grid-cols-4 gap-4 mt-8'>\n           {videoUrls.map((url, index) => (\n             <div key={index} className='w-full flex justify-center'>\n-              <video className='w-40 h-72 object-cover' controls>\n+              <video className='w-48 h-auto' controls>\n                 <source src={url} type='video/mp4' />\n                 Your browser does not support the video tag.\n               </video>\n             </div>\n           ))}\n         </div>\n       </div>\n+      <style jsx>{`\n+        .blur-background {\n+          background: url('https://wallpapers.com/images/hd/dark-laptop-abstract-smoke-background-41z3e057yvjcei8n.jpg') no-repeat center center fixed;\n+          background-size: cover;\n+          filter: blur(8px);\n+          position: absolute;\n+          top: 0;\n+          left: 0;\n+          width: 100%;\n+          height: 100%;\n+          z-index: -1;\n+        }\n+      `}</style>\n     </section>\n   );\n }\n \n"
                },
                {
                    "date": 1722597908912,
                    "content": "Index: \n===================================================================\n--- \n+++ \n@@ -13,10 +13,10 @@\n     'https://cdn.discordapp.com/attachments/1222038507284074521/1265499592942944318/VID_21281110_170827_982.mp4?ex=66ad9956&is=66ac47d6&hm=a9291ad789842928757727b673f167388f01127488997d0e79d978d95caf20cd&'\n   ];\n \n   return (\n-    <section id='proof' className='relative'>\n-      <div className='absolute inset-0 -z-10 blur-background' />\n+    <section id='proof' className='relative overflow-hidden'>\n+      <div className='absolute inset-0 -z-10 bg-cover bg-center bg-no-repeat filter blur-[8px] bg-[url(\"https://wallpapers.com/images/hd/dark-laptop-abstract-smoke-background-41z3e057yvjcei8n.jpg\")]' />\n       <div className={`${styles.boxWidth} relative z-10`}>\n         <h1 className='font-poppins font-semibold ss:text-[72px] text-[52px] ss:leading-[100.8px] leading-[75px] mx-auto text-center'>\n           <span className='text-gradient'>Proof</span>.\n         </h1>\n@@ -33,21 +33,8 @@\n             </div>\n           ))}\n         </div>\n       </div>\n-      <style jsx>{`\n-        .blur-background {\n-          background: url('https://wallpapers.com/images/hd/dark-laptop-abstract-smoke-background-41z3e057yvjcei8n.jpg') no-repeat center center fixed;\n-          background-size: cover;\n-          filter: blur(8px);\n-          position: absolute;\n-          top: 0;\n-          left: 0;\n-          width: 100%;\n-          height: 100%;\n-          z-index: -1;\n-        }\n-      `}</style>\n     </section>\n   );\n }\n \n"
                }
            ],
            "date": 1722595578689,
            "name": "Commit-0",
            "content": "import React from 'react';\nimport styles from '../style';\n\nconst Proof = () => {\n  return (\n    <section id='proof' className={`${styles.flexCenter} ${styles.paddingY}`}>\n      <div className={`${styles.boxWidth}`}>\n        <h1 className='font-poppins font-semibold text-[36px] leading-[56px] text-center'>\n          Proof\n        </h1>\n        <p className={`${styles.paragraph} max-w-[470px] mt-5 mx-auto text-center`}>\n          Here you can see all the proofs of our activities and achievements.\n        </p>\n      </div>\n    </section>\n  );\n}\n\nexport default Proof;\n"
        }
    ]
}