{
    "sourceFile": "src/components/Testimonials.jsx",
    "activeCommit": 0,
    "commits": [
        {
            "activePatchIndex": 1,
            "patches": [
                {
                    "date": 1722440285509,
                    "content": "Index: \n===================================================================\n--- \n+++ \n"
                },
                {
                    "date": 1722440316725,
                    "content": "Index: \n===================================================================\n--- \n+++ \n@@ -5,9 +5,9 @@\n const Testimonials = () => {\n   const [isModalOpen, setIsModalOpen] = useState(false);\n \n   const handleRafflesClick = () => {\n-    window.open('/raff', '_blank');\n+    window.open('/Raffles', '_blank');\n   };\n \n   const handleHowItWorksClick = () => {\n     setIsModalOpen(true);\n"
                }
            ],
            "date": 1722440285509,
            "name": "Commit-0",
            "content": "import React, { useState } from 'react';\nimport styles from '../style';\nimport HelpOutlineIcon from '@mui/icons-material/HelpOutline';\n\nconst Testimonials = () => {\n  const [isModalOpen, setIsModalOpen] = useState(false);\n\n  const handleRafflesClick = () => {\n    window.open('/raff', '_blank');\n  };\n\n  const handleHowItWorksClick = () => {\n    setIsModalOpen(true);\n  };\n\n  const closeModal = () => {\n    setIsModalOpen(false);\n  };\n\n  return (\n    <section\n      id='clients'\n      className={`${styles.paddingY} ${styles.flexCenter} flex-col relative`}\n    >\n      <div className='absolute z-[0] w-[60%] h-[60%] -right-[50%] rounded-full blue__gradient bottom-40' />\n      <div className='w-full flex justify-center items-center flex-col sm:mb-16 mb-6 relative z-[1]'>\n        <h2 className={styles.heading2} style={{ textAlign: 'center' }}>\n          DesiGlamber Raffles\n        </h2>\n        <p className={`${styles.paragraph} text-center max-w-[450px] mt-5`}>\n          Join exclusive raffles and win enticing rewards! Get ready for a shake up!\n        </p>\n        <div className='flex mt-10 space-x-5'>\n          <button\n            onClick={handleRafflesClick}\n            style={{\n              backgroundImage: 'linear-gradient(317deg, #59090C 4.52%, #DA898C)',\n              color: 'white',\n              padding: '10px 20px',\n              borderRadius: '50px',\n              fontWeight: 'bold',\n              cursor: 'pointer',\n              border: 'none',\n              textTransform: 'uppercase',\n            }}\n          >\n            Go to Raffles\n          </button>\n          <button\n            onClick={handleHowItWorksClick}\n            style={{\n              background: 'transparent',\n              color: 'white',\n              padding: '10px 20px',\n              borderRadius: '50px',\n              fontWeight: 'bold',\n              cursor: 'pointer',\n              border: '2px solid white',\n              textTransform: 'uppercase',\n            }}\n          >\n            <HelpOutlineIcon/> How It Works ?\n          </button>\n        </div>\n      </div>\n\n      {isModalOpen && (\n        <div className='fixed inset-0 flex items-center justify-center z-[2]'>\n          <div className='fixed inset-0 bg-black opacity-50' onClick={closeModal}></div>\n          <div\n            className='p-8 rounded-lg relative z-[3] w-full max-w-3xl mx-4'\n            style={{\n              borderRadius: '25px',\n              backgroundColor: 'rgb(255 255 255 / 12%)', // Modal background transparent with black tint\n              backdropFilter: 'blur(10px)', // Optional: to add blur effect\n            }}\n          >\n                      <div style={{ textAlign: 'center' }}>\n          <span\n            style={{\n              backgroundImage:\n                'linear-gradient(317deg, #b58a1b 4.52%, #e0c060 34.37%, #ffeeb2 50.47%, #ffe77c 65.63%, #ffca41 110.56%)',\n              WebkitBackgroundClip: 'text',\n              WebkitTextFillColor: 'transparent',\n              fontSize: '2rem', // adjust as needed\n              fontWeight: 'bold',\n              textTransform: 'uppercase',\n              display: 'inline-block',\n            }}\n          >\n            HOW OUR RAFFLES WORK?\n          </span>\n          </div>\n            <button onClick={closeModal} style={{ position: 'absolute', top: '10px', right: '10px', fontWeight: 'bold', color: 'white' }}>X</button>\n            <div className='space-y-4'>\n              <div className='p-4 bg-white bg-opacity-20 rounded-lg'>\n                <p className={`${styles.paragraph} text-center`}> WHAT IS A RAFFLE?\n<br></br>\n                  Raffles are similar to lotteries where you have a chance to win exciting prizes. At the end of the raffle period, a winning ticket is drawn at random. The more tickets you have, the better your chances of winning.\n                </p>\n              </div>\n              <div className='p-4 bg-white bg-opacity-20 rounded-lg'>\n                <p className={`${styles.paragraph} text-center`}>HOW TO PARTICIPATE?\n<br></br>\nYou can join three different kinds of raffles :\n<br></br>\n Free Raffles: Enter certain raffles without any cost.\n<br></br>\n Coins Raffles: Claim coins from our daily claimer to join these raffles.\n                </p>\n              </div>\n              <div className='p-4 bg-white bg-opacity-20 rounded-lg'>\n                <p className={`${styles.paragraph} text-center`}>PROVABLY FAIR\n\n                  <br></br>\n                  Our raffles are provably fair, ensuring transparency and trust. We use an external randomizer resource to guarantee fair and unbiased results.\n\n\n                </p>\n              </div>\n            </div>\n          </div>\n        </div>\n      )}\n    </section>\n  );\n};\n\nexport default Testimonials;\n"
        }
    ]
}