{
    "sourceFile": "src/App.jsx",
    "activeCommit": 0,
    "commits": [
        {
            "activePatchIndex": 8,
            "patches": [
                {
                    "date": 1722595560519,
                    "content": "Index: \n===================================================================\n--- \n+++ \n"
                },
                {
                    "date": 1722595652200,
                    "content": "Index: \n===================================================================\n--- \n+++ \n@@ -13,9 +13,9 @@\n   Stats,\n   Testimonials,\n   Ytvideo\n } from './components';\n-import Proof from './components/Proof'; // Import the new Proof component\n+import Proof from './components'; // Import the new Proof component\n import styles from './style';\n \n const App = () => {\n   return (\n"
                },
                {
                    "date": 1722595699980,
                    "content": "Index: \n===================================================================\n--- \n+++ \n@@ -11,11 +11,11 @@\n   Hero,\n   Navbar,\n   Stats,\n   Testimonials,\n-  Ytvideo\n+  Ytvideo,\n+  Proof\n } from './components';\n-import Proof from './components'; // Import the new Proof component\n import styles from './style';\n \n const App = () => {\n   return (\n"
                },
                {
                    "date": 1722595773845,
                    "content": "Index: \n===================================================================\n--- \n+++ \n@@ -1,6 +1,6 @@\n import React from 'react';\n-import { BrowserRouter as Router, Route, Switch } from 'react-router-dom';\n+import { BrowserRouter as Router, Route, Routes } from 'react-router-dom';\n import {\n   Billing,\n   Business,\n   CardDeal,\n@@ -11,11 +11,11 @@\n   Hero,\n   Navbar,\n   Stats,\n   Testimonials,\n-  Ytvideo,\n-  Proof\n+  Ytvideo\n } from './components';\n+import Proof from './components/Proof'; // Import the new Proof component\n import styles from './style';\n \n const App = () => {\n   return (\n@@ -27,10 +27,10 @@\n           </div>\n         </div>\n         <div className={`bg-primary ${styles.flexStart}`}>\n           <div className={`${styles.boxWidth}`}>\n-            <Switch>\n-              <Route path=\"/\" exact>\n+            <Routes>\n+              <Route path=\"/\" element={<>\n                 <Hero/>\n                 <Stats/>\n                 <Code/>\n                 <Business/>\n@@ -39,11 +39,11 @@\n                 <Testimonials/>\n                 <Ytvideo/>\n                 <CTA/>\n                 <Footer/>\n-              </Route>\n-              <Route path=\"/proof\" exact component={Proof} />\n-            </Switch>        \n+              </>} />\n+              <Route path=\"/proof\" element={<Proof />} />\n+            </Routes>        \n           </div>\n         </div>\n       </div>\n     </Router>\n"
                },
                {
                    "date": 1722595820015,
                    "content": "Index: \n===================================================================\n--- \n+++ \n@@ -40,9 +40,8 @@\n                 <Ytvideo/>\n                 <CTA/>\n                 <Footer/>\n               </>} />\n-              <Route path=\"/proof\" element={<Proof />} />\n             </Routes>        \n           </div>\n         </div>\n       </div>\n"
                },
                {
                    "date": 1722595829390,
                    "content": "Index: \n===================================================================\n--- \n+++ \n@@ -40,8 +40,9 @@\n                 <Ytvideo/>\n                 <CTA/>\n                 <Footer/>\n               </>} />\n+              <Route path=\"/proof\" element={<Proof />} />\n             </Routes>        \n           </div>\n         </div>\n       </div>\n"
                },
                {
                    "date": 1722595976481,
                    "content": "Index: \n===================================================================\n--- \n+++ \n@@ -22,32 +22,41 @@\n     <Router>\n       <div className='bg-primary w-full overflow-hidden'>\n         <div className={`${styles.paddingX} ${styles.flexCenter}`}>\n           <div className={`${styles.boxWidth}`}>\n-            <Navbar/>\n+            <Navbar />\n           </div>\n         </div>\n-        <div className={`bg-primary ${styles.flexStart}`}>\n-          <div className={`${styles.boxWidth}`}>\n-            <Routes>\n-              <Route path=\"/\" element={<>\n-                <Hero/>\n-                <Stats/>\n-                <Code/>\n-                <Business/>\n-                <Billing/>\n-                <CardDeal/>\n-                <Testimonials/>\n-                <Ytvideo/>\n-                <CTA/>\n-                <Footer/>\n-              </>} />\n-              <Route path=\"/proof\" element={<Proof />} />\n-            </Routes>        \n-          </div>\n-        </div>\n+        <Routes>\n+          <Route\n+            path=\"/\"\n+            element={\n+              <>\n+                <div className={`bg-primary ${styles.flexStart}`}>\n+                  <div className={`${styles.boxWidth}`}>\n+                    <Hero />\n+                  </div>\n+                </div>\n+                <div className={`bg-primary ${styles.paddingX} ${styles.flexStart}`}>\n+                  <div className={`${styles.boxWidth}`}>\n+                    <Stats />\n+                    <Code />\n+                    <Business />\n+                    <Billing />\n+                    <CardDeal />\n+                    <Testimonials />\n+                    <Ytvideo />\n+                    <CTA />\n+                    <Footer />\n+                  </div>\n+                </div>\n+              </>\n+            }\n+          />\n+          <Route path=\"/proof\" element={<Proof />} />\n+        </Routes>\n       </div>\n     </Router>\n   );\n-}\n+};\n \n export default App;\n"
                },
                {
                    "date": 1722596142725,
                    "content": "Index: \n===================================================================\n--- \n+++ \n@@ -51,9 +51,14 @@\n                 </div>\n               </>\n             }\n           />\n-          <Route path=\"/proof\" element={<Proof />} />\n+          <Route path=\"/proof\" element={\n+            <Proof />\n+            <Footer />\n+          \n+          } \n+            />\n         </Routes>\n       </div>\n     </Router>\n   );\n"
                },
                {
                    "date": 1722596173273,
                    "content": "Index: \n===================================================================\n--- \n+++ \n@@ -52,10 +52,12 @@\n               </>\n             }\n           />\n           <Route path=\"/proof\" element={\n+            <div>\n             <Proof />\n             <Footer />\n+            </div>\n           \n           } \n             />\n         </Routes>\n"
                }
            ],
            "date": 1722595560519,
            "name": "Commit-0",
            "content": "import React from 'react';\nimport { BrowserRouter as Router, Route, Switch } from 'react-router-dom';\nimport {\n  Billing,\n  Business,\n  CardDeal,\n  Clients,\n  Code,\n  CTA,\n  Footer,\n  Hero,\n  Navbar,\n  Stats,\n  Testimonials,\n  Ytvideo\n} from './components';\nimport Proof from './components/Proof'; // Import the new Proof component\nimport styles from './style';\n\nconst App = () => {\n  return (\n    <Router>\n      <div className='bg-primary w-full overflow-hidden'>\n        <div className={`${styles.paddingX} ${styles.flexCenter}`}>\n          <div className={`${styles.boxWidth}`}>\n            <Navbar/>\n          </div>\n        </div>\n        <div className={`bg-primary ${styles.flexStart}`}>\n          <div className={`${styles.boxWidth}`}>\n            <Switch>\n              <Route path=\"/\" exact>\n                <Hero/>\n                <Stats/>\n                <Code/>\n                <Business/>\n                <Billing/>\n                <CardDeal/>\n                <Testimonials/>\n                <Ytvideo/>\n                <CTA/>\n                <Footer/>\n              </Route>\n              <Route path=\"/proof\" exact component={Proof} />\n            </Switch>        \n          </div>\n        </div>\n      </div>\n    </Router>\n  );\n}\n\nexport default App;\n"
        }
    ]
}