{
    "sourceFile": "src/index.css",
    "activeCommit": 0,
    "commits": [
        {
            "activePatchIndex": 2,
            "patches": [
                {
                    "date": 1722594971795,
                    "content": "Index: \n===================================================================\n--- \n+++ \n"
                },
                {
                    "date": 1722597132521,
                    "content": "Index: \n===================================================================\n--- \n+++ \n@@ -227,4 +227,17 @@\n   .text-gradient {\n     font-size: 1.5rem;\n   }\n }\n+/* Skeleton loader styles (if needed) */\n+.skeleton {\n+  background: #e0e0e0;\n+  border-radius: 4px;\n+}\n+\n+/* Add media queries if required */\n+@media (max-width: 640px) {\n+  .video {\n+    width: 100%;\n+    height: auto;\n+  }\n+}\n"
                },
                {
                    "date": 1722615371657,
                    "content": "Index: \n===================================================================\n--- \n+++ \n@@ -1,7 +1,8 @@\n @import url(\"https://fonts.googleapis.com/css2?family=Poppins:wght@400;500;600;700;800;900&display=swap\");\n @import url('https://fonts.googleapis.com/css2?family=Days+One&display=swap');\n \n+\n @tailwind base;\n @tailwind components;\n @tailwind utilities;\n \n@@ -16,16 +17,10 @@\n }\n \n * {\n   scroll-behavior: smooth;\n-  box-sizing: border-box;\n }\n \n-body {\n-  font-family: 'Poppins', sans-serif;\n-}\n-\n-/* Gradient Text */\n .text-gradient {\n   background: radial-gradient(\n     64.18% 64.18% at 71.16% 35.69%,\n     #def9fa 0.89%,\n@@ -40,9 +35,8 @@\n   background-clip: text;\n   text-fill-color: transparent;\n }\n \n-/* Gradient Backgrounds */\n .bg-blue-gradient {\n   background: linear-gradient(\n     157.81deg,\n     #def9fa -43.27%,\n@@ -83,14 +77,12 @@\n .bg-discount-gradient {\n   background: linear-gradient(125.17deg, #272727 0%, #11101d 100%);\n }\n \n-/* Box Shadow */\n .box-shadow {\n   box-shadow: 0px 20px 100px -10px rgba(66, 71, 91, 0.1);\n }\n \n-/* Animations */\n .sidebar {\n   -webkit-animation: slide-top 0.5s cubic-bezier(0.25, 0.46, 0.45, 0.94) both;\n   animation: slide-top 0.5s cubic-bezier(0.25, 0.46, 0.45, 0.94) both;\n }\n@@ -116,15 +108,13 @@\n     transform: translateY(0);\n   }\n }\n \n-/* Feature Card */\n .feature-card:hover {\n   background: var(--black-gradient);\n   box-shadow: var(--card-shadow);\n }\n \n-/* Feedback Container */\n .feedback-container .feedback-card:last-child {\n   margin-right: 0px;\n }\n \n@@ -135,9 +125,8 @@\n .feedback-card:hover {\n   background: var(--black-gradient);\n }\n \n-/* Gradients with Blur */\n .blue__gradient {\n   background: linear-gradient(180deg, rgba(188, 165, 255, 0) 0%, #214d76 100%);\n   filter: blur(100px);\n }\n@@ -151,85 +140,34 @@\n   background: rgba(255, 255, 255, 0.6);\n   filter: blur(300px);\n }\n \n-/* Code Highlight */\n .code-highlight {\n   background-color: rgba(0, 0, 0, 0.5); /* Darker background */\n   padding: 0.2rem 0.4rem;\n   border-radius: 5px;\n }\n \n-/* Logo Container */\n .logo-container {\n   display: inline-block;\n   vertical-align: middle;\n   margin: 0 0.5rem;\n }\n \n-/* Logo SVG */\n .logo-svg {\n   width: 70px; /* Adjust size as needed */\n-  height: 40px; /* Adjust size as needed */\n+  height: 40; /* Adjust size as needed */\n }\n \n-/* Modal Open */\n .modal-open {\n   overflow: hidden;\n }\n \n-/* Made by Coneiz */\n .made-by-coneiz {\n   font-family: 'Days One', sans-serif;\n   color: white;\n }\n \n-/* Responsive Design */\n-.container {\n-  max-width: 1200px;\n-  margin: 0 auto;\n-  padding: 0 1rem;\n-}\n-\n-img, video {\n-  max-width: 100%;\n-  height: auto;\n-}\n-\n-@media (max-width: 768px) {\n-  .feature-card, .feedback-card {\n-    margin-bottom: 1rem;\n-  }\n-\n-  .logo-svg {\n-    width: 50px;\n-    height: 30px;\n-  }\n-\n-  .container {\n-    padding: 0 0.5rem;\n-  }\n-}\n-\n-@media (max-width: 480px) {\n-  .feature-card, .feedback-card {\n-    margin-bottom: 1rem;\n-  }\n-\n-  .logo-svg {\n-    width: 40px;\n-    height: 25px;\n-  }\n-\n-  .container {\n-    padding: 0 0.25rem;\n-  }\n-\n-  .text-gradient {\n-    font-size: 1.5rem;\n-  }\n-}\n-/* Skeleton loader styles (if needed) */\n .skeleton {\n   background: #e0e0e0;\n   border-radius: 4px;\n }\n"
                }
            ],
            "date": 1722594971795,
            "name": "Commit-0",
            "content": "@import url(\"https://fonts.googleapis.com/css2?family=Poppins:wght@400;500;600;700;800;900&display=swap\");\n@import url('https://fonts.googleapis.com/css2?family=Days+One&display=swap');\n\n@tailwind base;\n@tailwind components;\n@tailwind utilities;\n\n:root {\n  --black-gradient: linear-gradient(\n    144.39deg,\n    #ffffff -278.56%,\n    #6d6d6d -78.47%,\n    #11101d 91.61%\n  );\n  --card-shadow: 0px 20px 100px -10px rgba(66, 71, 91, 0.1);\n}\n\n* {\n  scroll-behavior: smooth;\n  box-sizing: border-box;\n}\n\nbody {\n  font-family: 'Poppins', sans-serif;\n}\n\n/* Gradient Text */\n.text-gradient {\n  background: radial-gradient(\n    64.18% 64.18% at 71.16% 35.69%,\n    #def9fa 0.89%,\n    #bef3f5 17.23%,\n    #9dedf0 42.04%,\n    #7de7eb 55.12%,\n    #5ce1e6 71.54%,\n    #33bbcf 100%\n  );\n  -webkit-background-clip: text;\n  -webkit-text-fill-color: transparent;\n  background-clip: text;\n  text-fill-color: transparent;\n}\n\n/* Gradient Backgrounds */\n.bg-blue-gradient {\n  background: linear-gradient(\n    157.81deg,\n    #def9fa -43.27%,\n    #bef3f5 -21.24%,\n    #9dedf0 12.19%,\n    #7de7eb 29.82%,\n    #5ce1e6 51.94%,\n    #33bbcf 90.29%\n  );\n}\n\n.bg-black-gradient {\n  background: linear-gradient(\n    144.39deg,\n    #ffffff -278.56%,\n    #6d6d6d -78.47%,\n    #11101d 91.61%\n  );\n}\n\n.bg-black-gradient-2 {\n  background: linear-gradient(\n    -168.39deg,\n    #ffffff -278.56%,\n    #6d6d6d -78.47%,\n    #11101d 91.61%\n  );\n}\n\n.bg-gray-gradient {\n  background: linear-gradient(\n    153.47deg,\n    rgba(255, 255, 255, 0) -341.94%,\n    #14101d 95.11%\n  );\n}\n\n.bg-discount-gradient {\n  background: linear-gradient(125.17deg, #272727 0%, #11101d 100%);\n}\n\n/* Box Shadow */\n.box-shadow {\n  box-shadow: 0px 20px 100px -10px rgba(66, 71, 91, 0.1);\n}\n\n/* Animations */\n.sidebar {\n  -webkit-animation: slide-top 0.5s cubic-bezier(0.25, 0.46, 0.45, 0.94) both;\n  animation: slide-top 0.5s cubic-bezier(0.25, 0.46, 0.45, 0.94) both;\n}\n\n@-webkit-keyframes slide-top {\n  0% {\n    -webkit-transform: translateY(100px);\n    transform: translateY(100px);\n  }\n  100% {\n    -webkit-transform: translateY(0);\n    transform: translateY(0);\n  }\n}\n\n@keyframes slide-top {\n  0% {\n    -webkit-transform: translateY(100px);\n    transform: translateY(100px);\n  }\n  100% {\n    -webkit-transform: translateY(0);\n    transform: translateY(0);\n  }\n}\n\n/* Feature Card */\n.feature-card:hover {\n  background: var(--black-gradient);\n  box-shadow: var(--card-shadow);\n}\n\n/* Feedback Container */\n.feedback-container .feedback-card:last-child {\n  margin-right: 0px;\n}\n\n.feedback-card {\n  background: transparent;\n}\n\n.feedback-card:hover {\n  background: var(--black-gradient);\n}\n\n/* Gradients with Blur */\n.blue__gradient {\n  background: linear-gradient(180deg, rgba(188, 165, 255, 0) 0%, #214d76 100%);\n  filter: blur(100px);\n}\n\n.pink__gradient {\n  background: linear-gradient(90deg, #f4c4f3 0%, #fc67fa 100%);\n  filter: blur(200px);\n}\n\n.white__gradient {\n  background: rgba(255, 255, 255, 0.6);\n  filter: blur(300px);\n}\n\n/* Code Highlight */\n.code-highlight {\n  background-color: rgba(0, 0, 0, 0.5); /* Darker background */\n  padding: 0.2rem 0.4rem;\n  border-radius: 5px;\n}\n\n/* Logo Container */\n.logo-container {\n  display: inline-block;\n  vertical-align: middle;\n  margin: 0 0.5rem;\n}\n\n/* Logo SVG */\n.logo-svg {\n  width: 70px; /* Adjust size as needed */\n  height: 40px; /* Adjust size as needed */\n}\n\n/* Modal Open */\n.modal-open {\n  overflow: hidden;\n}\n\n/* Made by Coneiz */\n.made-by-coneiz {\n  font-family: 'Days One', sans-serif;\n  color: white;\n}\n\n/* Responsive Design */\n.container {\n  max-width: 1200px;\n  margin: 0 auto;\n  padding: 0 1rem;\n}\n\nimg, video {\n  max-width: 100%;\n  height: auto;\n}\n\n@media (max-width: 768px) {\n  .feature-card, .feedback-card {\n    margin-bottom: 1rem;\n  }\n\n  .logo-svg {\n    width: 50px;\n    height: 30px;\n  }\n\n  .container {\n    padding: 0 0.5rem;\n  }\n}\n\n@media (max-width: 480px) {\n  .feature-card, .feedback-card {\n    margin-bottom: 1rem;\n  }\n\n  .logo-svg {\n    width: 40px;\n    height: 25px;\n  }\n\n  .container {\n    padding: 0 0.25rem;\n  }\n\n  .text-gradient {\n    font-size: 1.5rem;\n  }\n}\n"
        }
    ]
}