{
    "sourceFile": "src/assets/index.js",
    "activeCommit": 0,
    "commits": [
        {
            "activePatchIndex": 1,
            "patches": [
                {
                    "date": 1722440841494,
                    "content": "Index: \n===================================================================\n--- \n+++ \n"
                },
                {
                    "date": 1722440850945,
                    "content": "Index: \n===================================================================\n--- \n+++ \n@@ -35,9 +35,9 @@\n import Discord from './discord.svg';\n import X from './twitterx.svg';\n import Telegram  from \"./telegram.svg\";\n import Kick from './Kick.svg';\n-import vip from './vip_rewards_background.svg'\n+import vip from './vip_rewards_background.svg';\n \n export {\n   airbnb,\n   bill,\n@@ -76,5 +76,6 @@\n   Discord,\n   X,\n   Telegram,\n   Kick,\n+  vip,\n };\n"
                }
            ],
            "date": 1722440841494,
            "name": "Commit-0",
            "content": "import airbnb from \"./airbnb.png\";\nimport bill from \"./bill.png\";\nimport binance from \"./binance.png\";\nimport card from \"./card.png\";\nimport coinbase from \"./coinbase.png\";\nimport dropbox from \"./dropbox.png\";\nimport logo from \"./logo.png\";\nimport quotes from \"./quotes.svg\";\nimport robot from \"./robot.png\";\nimport send from \"./Send.svg\";\nimport shield from \"./Shield.svg\";\nimport star from \"./Star.svg\";\nimport menu from \"./menu.svg\";\nimport close from \"./close.svg\";\nimport google from \"./google.svg\";\nimport apple from \"./apple.svg\";\nimport arrowUp from \"./arrow-up.svg\";\nimport discount from \"./Discount.svg\";\nimport facebook from \"./facebook.svg\";\nimport instagram from \"./instagram-color-svgrepo-com.svg\";\nimport linkedin from \"./linkedin.svg\";\nimport twitter from \"./twitter-color-svgrepo-com.svg\";\nimport people01 from \"./people01.png\";\nimport people02 from \"./people02.png\";\nimport people03 from \"./people03.png\";\nimport cardGold from \"./cardGold.svg\";\nimport cardSilver from \"./cardSilver.svg\";\nimport cardBrown from \"./cardBrown.svg\";\nimport gift from \"./gift.svg\";\nimport gambleaware from \"./gambleaware.svg\";\nimport ager from \"./ager.svg\";\nimport stake from \"./stake.svg\";\nimport desigamblers from \"./desigamblers-logo.gif\";\nimport Youtube from './youtube.svg';\nimport Discord from './discord.svg';\nimport X from './twitterx.svg';\nimport Telegram  from \"./telegram.svg\";\nimport Kick from './Kick.svg';\nimport vip from './vip_rewards_background.svg'\n\nexport {\n  airbnb,\n  bill,\n  binance,\n  card,\n  coinbase,\n  dropbox,\n  logo,\n  quotes,\n  robot,\n  send,\n  shield,\n  star,\n  menu,\n  close,\n  google,\n  apple,\n  arrowUp,\n  discount,\n  facebook,\n  instagram,\n  linkedin,\n  twitter,\n  people01,\n  people02,\n  people03,\n  cardGold,\n  cardSilver,\n  cardBrown,\n  gift,\n  gambleaware,\n  ager,\n  stake,\n  desigamblers,\n  Youtube,\n  Discord,\n  X,\n  Telegram,\n  Kick,\n};\n"
        }
    ]
}